[    1250ms] [ERROR] Failed to load resource: the server responded with a status of 404 (Not Found) @ http://localhost:3006/ruxitagentjs_ICA7NVfqrux_10339260603164134.js:0
[    1250ms] [ERROR] Refused to execute script from 'http://localhost:3006/ruxitagentjs_ICA7NVfqrux_10339260603164134.js' because its MIME type ('text/html') is not executable, and strict MIME type checking is enabled. @ http://localhost:3006/p/hub/val:0
[    2179ms] [ERROR] Failed to load resource: the server responded with a status of 404 (Not Found) @ http://localhost:3006/spg/api/v1/fe6185009b4b4a718e88b5c22b766bc9/me:0
[    2183ms] [ERROR] Failed to load resource: the server responded with a status of 504 (Gateway Timeout) @ http://localhost:3006/g/api/tenant-service/v1/tenants/fe6185009b4b4a718e88b5c22b766bc9/mappings?type=signavio_to_btp_sub_account_id_process_analysis_and_mining:0
[    2184ms] [ERROR] Error fetching connected BTP tenants: SyntaxError: Unexpected token 'E', "Error occu"... is not valid JSON @ http://localhost:3006/g/statics/suite-shell/static/js/2595.b95a6aa7.js:40
[    3292ms] [ERROR] Invalid Sentry Dsn: YOUR_SENTRY_DSN @ http://localhost:3006/g/statics/suite-shell/static/js/7778.10f94e2f.js:478
[    3304ms] [WARNING] [LaunchDarkly] The waitForInitialization function was called without a timeout specified. In a future version a default timeout will be applied. @ http://localhost:3006/g/statics/suite-shell/static/js/7778.10f94e2f.js:478
[    3370ms] [WARNING] Unsatisfied version 18.3.1 from shell of shared singleton module react-dom (required =18.2.0) @ http://localhost:3006/g/statics/suite-shell/static/js/7778.10f94e2f.js:478
[    3370ms] [WARNING] Unsatisfied version 18.3.1 from shell of shared singleton module react (required =18.2.0) @ http://localhost:3006/g/statics/suite-shell/static/js/7778.10f94e2f.js:478
[    3371ms] [WARNING] Unsatisfied version 7.18.2 from shell of shared singleton module react-router-dom (required ^6.16.0) @ http://localhost:3006/g/statics/suite-shell/static/js/7778.10f94e2f.js:478
[    3407ms] [WARNING] [webpack-dev-server] Warnings while compiling. @ http://localhost:3006/g/statics/suite-shell/static/js/7778.10f94e2f.js:478
[    3408ms] [WARNING] [webpack-dev-server] WARNING
DefinePlugin
Conflicting values for 'process.env' @ http://localhost:3006/g/statics/suite-shell/static/js/7778.10f94e2f.js:478
[    3408ms] [WARNING] [webpack-dev-server] WARNING
[eslint] 
/Users/I584745/CODE/tools.sap.com/value-accelerator-client/client/src/hooks/useDownloadCsv.ts
  46:5  warning  React Hook useCallback has a missing dependency: 'containerPage'. Either include it or remove the dependency array  react-hooks/exhaustive-deps
  57:5  warning  React Hook useCallback has a missing dependency: 'containerPage'. Either include it or remove the dependency array  react-hooks/exhaustive-deps

/Users/I584745/CODE/tools.sap.com/value-accelerator-client/client/src/hooks/useEditPublishPackage.ts
  100:25  warning  Unexpected string concatenation of literals  no-useless-concat
  100:50  warning  Unexpected string concatenation of literals  no-useless-concat

/Users/I584745/CODE/tools.sap.com/value-accelerator-client/client/src/hooks/useGetImportedPackage.ts
   30:9  warning  'client' is assigned a value but never used                                                                                                               @typescript-eslint/no-unused-vars
  220:6  warning  React Hook useEffect has missing dependencies: 'error', 'id', 'newImport?.name', and 'toastMutation'. Either include them or remove the dependency array  react-hooks/exhaustive-deps

/Users/I584745/CODE/tools.sap.com/value-accelerator-client/client/src/hooks/useGetIsExportAllowed.ts
  7:10  warning  'logger' is defined but never used  @typescript-eslint/no-unused-vars

/Users/I584745/CODE/tools.sap.com/value-accelerator-client/client/src/hooks/useGetUserWorkspaces.ts
  7:10  warning  'logger' is defined but never used  @typescript-eslint/no-unused-vars

/Users/I584745/CODE/tools.sap.com/value-accelerator-client/client/src/store/selectedTreeTableStore.ts
  5:10  warning  'ContentOverviewItem' is defined but never used  @typescript-eslint/no-unused-vars

/Users/I584745/CODE/tools.sap.com/value-accelerator-client/client/src/types/importTypes.ts
  95:13  warning  'DictionaryContent' is already defined  @typescript-eslint/no-redeclare

/Users/I584745/CODE/tools.sap.com/value-accelerator-client/client/src/valueAccelerator/Components/DependencyGraph/DependencyGraph.tsx
  133:6  warning  React Hook useMemo has an unnecessary dependency: 'checkedNodes'. Either exclude it or remove the dependency array  react-hooks/exhaustive-deps

/Users/I584745/CODE/tools.sap.com/value-accelerator-client/client/src/valueAccelerator/Components/ImportDetailsPanel/components/CustomizationsSection.tsx
  211:5  warning  'selectedName' is assigned a value but never used  @typescript-eslint/no-unused-vars

/Users/I584745/CODE/tools.sap.com/value-accelerator-client/client/src/valueAccelerator/Components/ImportDetailsPanel/components/useCustomizationSectionHelpers.ts
  429:6  warning  React Hook useEffect has a missing dependency: 'setShowTable'. Either include it or remove the dependency array. If 'setShowTable' changes too often, find the parent component that defines it and wrap that definition in useCallback  react-hooks/exhaustive-deps

/Users/I584745/CODE/tools.sap.com/value-accelerator-client/client/src/valueAccelerator/Components/ImportModal/components/SelectiveImport/SelectiveImportTreeTable.tsx
  995:33  warning  'subType' is assigned a value but never used  @typescript-eslint/no-unused-vars

/Users/I584745/CODE/tools.sap.com/value-accelerator-client/client/src/valueAccelerator/Components/ImportModal/components/SelectiveImport/TreeSearchBar.tsx
  46:6  warning  React Hook useCallback has a missing dependency: 'trackSearch'. Either include it or remove the dependency array  react-hooks/exhaustive-deps

/Users/I584745/CODE/tools.sap.com/value-accelerator-client/client/src/valueAccelerator/Components/ImportModal/helpers/useWorkspaceSelection.ts
  55:7  warning  React Hook useMemo has a complex expression in the dependency array. Extract it to a separate variable so it can be statically checked  react-hooks/exhaustive-deps
  56:7  warning  React Hook useMemo has a complex expression in the dependency array. Extract it to a separate variable so it can be statically checked  react-hooks/exhaustive-deps

/Users/I584745/CODE/tools.sap.com/value-accelerator-client/client/src/valueAccelerator/Components/ImportedPackagesTable/ImportedPackagesTable.tsx
  236:9  warning  The 'ActionsCellRow' function makes the dependencies of useMemo Hook (at line 349) change on every render. Move it inside the useMemo callback. Alternatively, wrap the definition of 'ActionsCellRow' in its own useCallback() Hook  react-hooks/exhaustive-deps

/Users/I584745/CODE/tools.sap.com/value-accelerator-client/client/src/valueAccelerator/Components/PublishDialog/usePublishDialogHelpers.tsx
  172:6  warning  React Hook useMemo has a missing dependency: 'publishedPackage?.id'. Either include it or remove the dependency array  react-hooks/exhaustive-deps

/Users/I584745/CODE/tools.sap.com/value-accelerator-client/client/src/valueAccelerator/Components/PublishDialog/usePublishDialogInit.tsx
  76:6  warning  React Hook useMemo has an unnecessary dependency: 'publishedPackage.imageUrl'. Either exclude it or remove the dependency array  react-hooks/exhaustive-deps

/Users/I584745/CODE/tools.sap.com/value-accelerator-client/client/src/valueAccelerator/Components/WizardContents/ExportSteps/AcceleratorDetailsForm/helpers/useDetailsStepHandler.ts
  4:3  warning  'ExportPackageSchema' is defined but never used  @typescript-eslint/no-unused-vars

/Users/I584745/CODE/tools.sap.com/value-accelerator-client/client/src/valueAccelerator/Components/WizardContents/ExportSteps/AcceleratorDetailsForm/index.tsx
  14:3  warning  'FioriInput' is defined but never used  @typescript-eslint/no-unused-vars

✖ 22 problems (0 errors, 22 warnings)
 @ http://localhost:3006/g/statics/suite-shell/static/js/7778.10f94e2f.js:478
[    4161ms] [WARNING] Lit is in dev mode. Not recommended for production! See https://lit.dev/msg/dev-mode for more information. @ http://localhost:3006/g/statics/suite-shell/static/js/7778.10f94e2f.js:478
[    4161ms] [WARNING] Multiple versions of Lit loaded. Loading multiple versions is not recommended. See https://lit.dev/msg/multiple-versions for more information. @ http://localhost:3006/g/statics/suite-shell/static/js/7778.10f94e2f.js:478
[   10720ms] [ERROR] Failed to load resource: the server responded with a status of 401 (Unauthorized) @ http://localhost:3006/g/api/tenant-service/v1/tenants//configurations?type=walkme_settings:0
[  267147ms] [WARNING] [webpack-dev-server] Warnings while compiling. @ http://localhost:3006/g/statics/suite-shell/static/js/7778.10f94e2f.js:478
[  267149ms] [WARNING] [webpack-dev-server] WARNING
DefinePlugin
Conflicting values for 'process.env' @ http://localhost:3006/g/statics/suite-shell/static/js/7778.10f94e2f.js:478
[  267150ms] [WARNING] [webpack-dev-server] WARNING
[eslint] 
/Users/I584745/CODE/tools.sap.com/value-accelerator-client/client/src/hooks/useDownloadCsv.ts
  46:5  warning  React Hook useCallback has a missing dependency: 'containerPage'. Either include it or remove the dependency array  react-hooks/exhaustive-deps
  57:5  warning  React Hook useCallback has a missing dependency: 'containerPage'. Either include it or remove the dependency array  react-hooks/exhaustive-deps

/Users/I584745/CODE/tools.sap.com/value-accelerator-client/client/src/hooks/useEditPublishPackage.ts
  100:25  warning  Unexpected string concatenation of literals  no-useless-concat
  100:50  warning  Unexpected string concatenation of literals  no-useless-concat

/Users/I584745/CODE/tools.sap.com/value-accelerator-client/client/src/hooks/useGetImportedPackage.ts
   30:9  warning  'client' is assigned a value but never used                                                                                                               @typescript-eslint/no-unused-vars
  220:6  warning  React Hook useEffect has missing dependencies: 'error', 'id', 'newImport?.name', and 'toastMutation'. Either include them or remove the dependency array  react-hooks/exhaustive-deps

/Users/I584745/CODE/tools.sap.com/value-accelerator-client/client/src/hooks/useGetIsExportAllowed.ts
  7:10  warning  'logger' is defined but never used  @typescript-eslint/no-unused-vars

/Users/I584745/CODE/tools.sap.com/value-accelerator-client/client/src/hooks/useGetUserWorkspaces.ts
  7:10  warning  'logger' is defined but never used  @typescript-eslint/no-unused-vars

/Users/I584745/CODE/tools.sap.com/value-accelerator-client/client/src/store/selectedTreeTableStore.ts
  5:10  warning  'ContentOverviewItem' is defined but never used  @typescript-eslint/no-unused-vars

/Users/I584745/CODE/tools.sap.com/value-accelerator-client/client/src/types/importTypes.ts
  95:13  warning  'DictionaryContent' is already defined  @typescript-eslint/no-redeclare

/Users/I584745/CODE/tools.sap.com/value-accelerator-client/client/src/valueAccelerator/Components/DependencyGraph/DependencyGraph.tsx
  133:6  warning  React Hook useMemo has an unnecessary dependency: 'checkedNodes'. Either exclude it or remove the dependency array  react-hooks/exhaustive-deps

/Users/I584745/CODE/tools.sap.com/value-accelerator-client/client/src/valueAccelerator/Components/ImportDetailsPanel/components/CustomizationsSection.tsx
  211:5  warning  'selectedName' is assigned a value but never used  @typescript-eslint/no-unused-vars

/Users/I584745/CODE/tools.sap.com/value-accelerator-client/client/src/valueAccelerator/Components/ImportDetailsPanel/components/useCustomizationSectionHelpers.ts
  429:6  warning  React Hook useEffect has a missing dependency: 'setShowTable'. Either include it or remove the dependency array. If 'setShowTable' changes too often, find the parent component that defines it and wrap that definition in useCallback  react-hooks/exhaustive-deps

/Users/I584745/CODE/tools.sap.com/value-accelerator-client/client/src/valueAccelerator/Components/ImportModal/components/SelectiveImport/SelectiveImportTreeTable.tsx
  995:33  warning  'subType' is assigned a value but never used  @typescript-eslint/no-unused-vars

/Users/I584745/CODE/tools.sap.com/value-accelerator-client/client/src/valueAccelerator/Components/ImportModal/components/SelectiveImport/TreeSearchBar.tsx
  46:6  warning  React Hook useCallback has a missing dependency: 'trackSearch'. Either include it or remove the dependency array  react-hooks/exhaustive-deps

/Users/I584745/CODE/tools.sap.com/value-accelerator-client/client/src/valueAccelerator/Components/ImportModal/helpers/useWorkspaceSelection.ts
  55:7  warning  React Hook useMemo has a complex expression in the dependency array. Extract it to a separate variable so it can be statically checked  react-hooks/exhaustive-deps
  56:7  warning  React Hook useMemo has a complex expression in the dependency array. Extract it to a separate variable so it can be statically checked  react-hooks/exhaustive-deps

/Users/I584745/CODE/tools.sap.com/value-accelerator-client/client/src/valueAccelerator/Components/PublishDialog/usePublishDialogHelpers.tsx
  172:6  warning  React Hook useMemo has a missing dependency: 'publishedPackage?.id'. Either include it or remove the dependency array  react-hooks/exhaustive-deps

/Users/I584745/CODE/tools.sap.com/value-accelerator-client/client/src/valueAccelerator/Components/PublishDialog/usePublishDialogInit.tsx
  76:6  warning  React Hook useMemo has an unnecessary dependency: 'publishedPackage.imageUrl'. Either exclude it or remove the dependency array  react-hooks/exhaustive-deps

/Users/I584745/CODE/tools.sap.com/value-accelerator-client/client/src/valueAccelerator/Components/WizardContents/ExportSteps/AcceleratorDetailsForm/helpers/useDetailsStepHandler.ts
  4:3  warning  'ExportPackageSchema' is defined but never used  @typescript-eslint/no-unused-vars

/Users/I584745/CODE/tools.sap.com/value-accelerator-client/client/src/valueAccelerator/Components/WizardContents/ExportSteps/AcceleratorDetailsForm/index.tsx
  14:3  warning  'FioriInput' is defined but never used  @typescript-eslint/no-unused-vars

✖ 21 problems (0 errors, 21 warnings)
 @ http://localhost:3006/g/statics/suite-shell/static/js/7778.10f94e2f.js:478
[  267152ms] [ERROR] [webpack-dev-server] Errors while compiling. Reload prevented. @ http://localhost:3006/g/statics/suite-shell/static/js/7778.10f94e2f.js:478
[  267153ms] [ERROR] [webpack-dev-server] ERROR in ./src/valueAccelerator/Components/ImportedPackagesTable/ImportedPackagesTable.tsx
Module build failed (from ./node_modules/babel-loader/lib/index.js):
SyntaxError: /Users/I584745/CODE/tools.sap.com/value-accelerator-client/client/src/valueAccelerator/Components/ImportedPackagesTable/ImportedPackagesTable.tsx: Expected corresponding JSX closing tag for <ValErrorBoundary>. (442:6)

  440 |           />
  441 |         </div>
> 442 |       </div>
      |       ^
  443 |     </ValErrorBoundary>
  444 |   );
  445 | };
    at constructor (/Users/I584745/CODE/tools.sap.com/value-accelerator-client/client/node_modules/@babel/parser/lib/index.js:365:19)
    at TypeScriptParserMixin.raise (/Users/I584745/CODE/tools.sap.com/value-accelerator-client/client/node_modules/@babel/parser/lib/index.js:6616:19)
    at TypeScriptParserMixin.jsxParseElementAt (/Users/I584745/CODE/tools.sap.com/value-accelerator-client/client/node_modules/@babel/parser/lib/index.js:4739:16)
    at TypeScriptParserMixin.jsxParseElement (/Users/I584745/CODE/tools.sap.com/value-accelerator-client/client/node_modules/@babel/parser/lib/index.js:4761:17)
    at TypeScriptParserMixin.parseExprAtom (/Users/I584745/CODE/tools.sap.com/value-accelerator-client/client/node_modules/@babel/parser/lib/index.js:4771:19)
    at TypeScriptParserMixin.parseExprSubscripts (/Users/I584745/CODE/tools.sap.com/value-accelerator-client/client/node_modules/@babel/parser/lib/index.js:11098:23)
    at TypeScriptParserMixin.parseUpdate (/Users/I584745/CODE/tools.sap.com/value-accelerator-client/client/node_modules/@babel/parser/lib/index.js:11083:21)
    at TypeScriptParserMixin.parseMaybeUnary (/Users/I584745/CODE/tools.sap.com/value-accelerator-client/client/node_modules/@babel/parser/lib/index.js:11063:23)
    at TypeScriptParserMixin.parseMaybeUnary (/Users/I584745/CODE/tools.sap.com/value-accelerator-client/client/node_modules/@babel/parser/lib/index.js:9854:18)
    at TypeScriptParserMixin.parseMaybeUnaryOrPrivate (/Users/I584745/CODE/tools.sap.com/value-accelerator-client/client/node_modules/@babel/parser/lib/index.js:10916:61)
    at TypeScriptParserMixin.parseExprOps (/Users/I584745/CODE/tools.sap.com/value-accelerator-client/client/node_modules/@babel/parser/lib/index.js:10921:23)
    at TypeScriptParserMixin.parseMaybeConditional (/Users/I584745/CODE/tools.sap.com/value-accelerator-client/client/node_modules/@babel/parser/lib/index.js:10898:23)
    at TypeScriptParserMixin.parseMaybeAssign (/Users/I584745/CODE/tools.sap.com/value-accelerator-client/client/node_modules/@babel/parser/lib/index.js:10848:21)
    at /Users/I584745/CODE/tools.sap.com/value-accelerator-client/client/node_modules/@babel/parser/lib/index.js:9792:39
    at TypeScriptParserMixin.tryParse (/Users/I584745/CODE/tools.sap.com/value-accelerator-client/client/node_modules/@babel/parser/lib/index.js:6924:20)
    at TypeScriptParserMixin.parseMaybeAssign (/Users/I584745/CODE/tools.sap.com/value-accelerator-client/client/node_modules/@babel/parser/lib/index.js:9792:18)
    at /Users/I584745/CODE/tools.sap.com/value-accelerator-client/client/node_modules/@babel/parser/lib/index.js:10817:39
    at TypeScriptParserMixin.allowInAnd (/Users/I584745/CODE/tools.sap.com/value-accelerator-client/client/node_modules/@babel/parser/lib/index.js:12443:12)
    at TypeScriptParserMixin.parseMaybeAssignAllowIn (/Users/I584745/CODE/tools.sap.com/value-accelerator-client/client/node_modules/@babel/parser/lib/index.js:10817:17)
    at TypeScriptParserMixin.parseMaybeAssignAllowInOrVoidPattern (/Users/I584745/CODE/tools.sap.com/value-accelerator-client/client/node_modules/@babel/parser/lib/index.js:12510:17)
    at TypeScriptParserMixin.parseParenAndDistinguishExpression (/Users/I584745/CODE/tools.sap.com/value-accelerator-client/client/node_modules/@babel/parser/lib/index.js:11692:28)
    at TypeScriptParserMixin.parseExprAtom (/Users/I584745/CODE/tools.sap.com/value-accelerator-client/client/node_modules/@babel/parser/lib/index.js:11348:23)
    at TypeScriptParserMixin.parseExprAtom (/Users/I584745/CODE/tools.sap.com/value-accelerator-client/client/node_modules/@babel/parser/lib/index.js:4776:20)
    at TypeScriptParserMixin.parseExprSubscripts (/Users/I584745/CODE/tools.sap.com/value-accelerator-client/client/node_modules/@babel/parser/lib/index.js:11098:23)
    at TypeScriptParserMixin.parseUpdate (/Users/I584745/CODE/tools.sap.com/value-accelerator-client/client/node_modules/@babel/parser/lib/index.js:11083:21)
    at TypeScriptParserMixin.parseMaybeUnary (/Users/I584745/CODE/tools.sap.com/value-accelerator-client/client/node_modules/@babel/parser/lib/index.js:11063:23)
    at TypeScriptParserMixin.parseMaybeUnary (/Users/I584745/CODE/tools.sap.com/value-accelerator-client/client/node_modules/@babel/parser/lib/index.js:9854:18)
    at TypeScriptParserMixin.parseMaybeUnaryOrPrivate (/Users/I584745/CODE/tools.sap.com/value-accelerator-client/client/node_modules/@babel/parser/lib/index.js:10916:61)
    at TypeScriptParserMixin.parseExprOps (/Users/I584745/CODE/tools.sap.com/value-accelerator-client/client/node_modules/@babel/parser/lib/index.js:10921:23)
    at TypeScriptParserMixin.parseMaybeConditional (/Users/I584745/CODE/tools.sap.com/value-accelerator-client/client/node_modules/@babel/parser/lib/index.js:10898:23)
    at TypeScriptParserMixin.parseMaybeAssign (/Users/I584745/CODE/tools.sap.com/value-accelerator-client/client/node_modules/@babel/parser/lib/index.js:10848:21)
    at TypeScriptParserMixin.parseMaybeAssign (/Users/I584745/CODE/tools.sap.com/value-accelerator-client/client/node_modules/@babel/parser/lib/index.js:9803:20)
    at TypeScriptParserMixin.parseExpressionBase (/Users/I584745/CODE/tools.sap.com/value-accelerator-client/client/node_modules/@babel/parser/lib/index.js:10801:23)
    at /Users/I584745/CODE/tools.sap.com/value-accelerator-client/client/node_modules/@babel/parser/lib/index.js:10797:39
    at TypeScriptParserMixin.allowInAnd (/Users/I584745/CODE/tools.sap.com/value-accelerator-client/client/node_modules/@babel/parser/lib/index.js:12438:16)
    at TypeScriptParserMixin.parseExpression (/Users/I584745/CODE/tools.sap.com/value-accelerator-client/client/node_modules/@babel/parser/lib/index.js:10797:17)
    at TypeScriptParserMixin.parseReturnStatement (/Users/I584745/CODE/tools.sap.com/value-accelerator-client/client/node_modules/@babel/parser/lib/index.js:13159:28)
    at TypeScriptParserMixin.parseStatementContent (/Users/I584745/CODE/tools.sap.com/value-accelerator-client/client/node_modules/@babel/parser/lib/index.js:12815:21)
    at TypeScriptParserMixin.parseStatementContent (/Users/I584745/CODE/tools.sap.com/value-accelerator-client/client/node_modules/@babel/parser/lib/index.js:9525:18)
    at TypeScriptParserMixin.parseStatementLike (/Users/I584745/CODE/tools.sap.com/value-accelerator-client/client/node_modules/@babel/parser/lib/index.js:12784:17)
    at TypeScriptParserMixin.parseStatementListItem (/Users/I584745/CODE/tools.sap.com/value-accelerator-client/client/node_modules/@babel/parser/lib/index.js:12764:17)
    at TypeScriptParserMixin.parseBlockOrModuleBlockBody (/Users/I584745/CODE/tools.sap.com/value-accelerator-client/client/node_modules/@babel/parser/lib/index.js:13333:61)
    at TypeScriptParserMixin.parseBlockBody (/Users/I584745/CODE/tools.sap.com/value-accelerator-client/client/node_modules/@babel/parser/lib/index.js:13326:10)
    at TypeScriptParserMixin.parseBlock (/Users/I584745/CODE/tools.sap.com/value-accelerator-client/client/node_modules/@babel/parser/lib/index.js:13314:10)
    at TypeScriptParserMixin.parseFunctionBody (/Users/I584745/CODE/tools.sap.com/value-accelerator-client/client/node_modules/@babel/parser/lib/index.js:12117:24)
    at TypeScriptParserMixin.parseArrowExpression (/Users/I584745/CODE/tools.sap.com/value-accelerator-client/client/node_modules/@babel/parser/lib/index.js:12092:10)
    at TypeScriptParserMixin.parseParenAndDistinguishExpression (/Users/I584745/CODE/tools.sap.com/value-accelerator-client/client/node_modules/@babel/parser/lib/index.js:11704:12)
    at TypeScriptParserMixin.parseExprAtom (/Users/I584745/CODE/tools.sap.com/value-accelerator-client/client/node_modules/@babel/parser/lib/index.js:11348:23)
    at TypeScriptParserMixin.parseExprAtom (/Users/I584745/CODE/tools.sap.com/value-accelerator-client/client/node_modules/@babel/parser/lib/index.js:4776:20)
    at TypeScriptParserMixin.parseExprSubscripts (/Users/I584745/CODE/tools.sap.com/value-accelerator-client/client/node_modules/@babel/parser/lib/index.js:11098:23) @ http://localhost:3006/g/statics/suite-shell/static/js/7778.10f94e2f.js:478
[  267153ms] [ERROR] [webpack-dev-server] ERROR
[eslint] 
/Users/I584745/CODE/tools.sap.com/value-accelerator-client/client/src/valueAccelerator/Components/ImportedPackagesTable/ImportedPackagesTable.tsx
  442:8  error  Parsing error: Expected corresponding JSX closing tag for 'ValErrorBoundary'

✖ 1 problem (1 error, 0 warnings)
 @ http://localhost:3006/g/statics/suite-shell/static/js/7778.10f94e2f.js:478
[  267796ms] [WARNING] [webpack-dev-server] Warnings while compiling. @ http://localhost:3006/g/statics/suite-shell/static/js/7778.10f94e2f.js:478
[  267796ms] [WARNING] [webpack-dev-server] WARNING
DefinePlugin
Conflicting values for 'process.env' @ http://localhost:3006/g/statics/suite-shell/static/js/7778.10f94e2f.js:478
[  267796ms] [WARNING] [webpack-dev-server] WARNING
[eslint] 
/Users/I584745/CODE/tools.sap.com/value-accelerator-client/client/src/hooks/useDownloadCsv.ts
  46:5  warning  React Hook useCallback has a missing dependency: 'containerPage'. Either include it or remove the dependency array  react-hooks/exhaustive-deps
  57:5  warning  React Hook useCallback has a missing dependency: 'containerPage'. Either include it or remove the dependency array  react-hooks/exhaustive-deps

/Users/I584745/CODE/tools.sap.com/value-accelerator-client/client/src/hooks/useEditPublishPackage.ts
  100:25  warning  Unexpected string concatenation of literals  no-useless-concat
  100:50  warning  Unexpected string concatenation of literals  no-useless-concat

/Users/I584745/CODE/tools.sap.com/value-accelerator-client/client/src/hooks/useGetImportedPackage.ts
   30:9  warning  'client' is assigned a value but never used                                                                                                               @typescript-eslint/no-unused-vars
  220:6  warning  React Hook useEffect has missing dependencies: 'error', 'id', 'newImport?.name', and 'toastMutation'. Either include them or remove the dependency array  react-hooks/exhaustive-deps

/Users/I584745/CODE/tools.sap.com/value-accelerator-client/client/src/hooks/useGetIsExportAllowed.ts
  7:10  warning  'logger' is defined but never used  @typescript-eslint/no-unused-vars

/Users/I584745/CODE/tools.sap.com/value-accelerator-client/client/src/hooks/useGetUserWorkspaces.ts
  7:10  warning  'logger' is defined but never used  @typescript-eslint/no-unused-vars

/Users/I584745/CODE/tools.sap.com/value-accelerator-client/client/src/store/selectedTreeTableStore.ts
  5:10  warning  'ContentOverviewItem' is defined but never used  @typescript-eslint/no-unused-vars

/Users/I584745/CODE/tools.sap.com/value-accelerator-client/client/src/types/importTypes.ts
  95:13  warning  'DictionaryContent' is already defined  @typescript-eslint/no-redeclare

/Users/I584745/CODE/tools.sap.com/value-accelerator-client/client/src/valueAccelerator/Components/DependencyGraph/DependencyGraph.tsx
  133:6  warning  React Hook useMemo has an unnecessary dependency: 'checkedNodes'. Either exclude it or remove the dependency array  react-hooks/exhaustive-deps

/Users/I584745/CODE/tools.sap.com/value-accelerator-client/client/src/valueAccelerator/Components/ImportDetailsPanel/components/CustomizationsSection.tsx
  211:5  warning  'selectedName' is assigned a value but never used  @typescript-eslint/no-unused-vars

/Users/I584745/CODE/tools.sap.com/value-accelerator-client/client/src/valueAccelerator/Components/ImportDetailsPanel/components/useCustomizationSectionHelpers.ts
  429:6  warning  React Hook useEffect has a missing dependency: 'setShowTable'. Either include it or remove the dependency array. If 'setShowTable' changes too often, find the parent component that defines it and wrap that definition in useCallback  react-hooks/exhaustive-deps

/Users/I584745/CODE/tools.sap.com/value-accelerator-client/client/src/valueAccelerator/Components/ImportModal/components/SelectiveImport/SelectiveImportTreeTable.tsx
  995:33  warning  'subType' is assigned a value but never used  @typescript-eslint/no-unused-vars

/Users/I584745/CODE/tools.sap.com/value-accelerator-client/client/src/valueAccelerator/Components/ImportModal/components/SelectiveImport/TreeSearchBar.tsx
  46:6  warning  React Hook useCallback has a missing dependency: 'trackSearch'. Either include it or remove the dependency array  react-hooks/exhaustive-deps

/Users/I584745/CODE/tools.sap.com/value-accelerator-client/client/src/valueAccelerator/Components/ImportModal/helpers/useWorkspaceSelection.ts
  55:7  warning  React Hook useMemo has a complex expression in the dependency array. Extract it to a separate variable so it can be statically checked  react-hooks/exhaustive-deps
  56:7  warning  React Hook useMemo has a complex expression in the dependency array. Extract it to a separate variable so it can be statically checked  react-hooks/exhaustive-deps

/Users/I584745/CODE/tools.sap.com/value-accelerator-client/client/src/valueAccelerator/Components/PublishDialog/usePublishDialogHelpers.tsx
  172:6  warning  React Hook useMemo has a missing dependency: 'publishedPackage?.id'. Either include it or remove the dependency array  react-hooks/exhaustive-deps

/Users/I584745/CODE/tools.sap.com/value-accelerator-client/client/src/valueAccelerator/Components/PublishDialog/usePublishDialogInit.tsx
  76:6  warning  React Hook useMemo has an unnecessary dependency: 'publishedPackage.imageUrl'. Either exclude it or remove the dependency array  react-hooks/exhaustive-deps

/Users/I584745/CODE/tools.sap.com/value-accelerator-client/client/src/valueAccelerator/Components/WizardContents/ExportSteps/AcceleratorDetailsForm/helpers/useDetailsStepHandler.ts
  4:3  warning  'ExportPackageSchema' is defined but never used  @typescript-eslint/no-unused-vars

/Users/I584745/CODE/tools.sap.com/value-accelerator-client/client/src/valueAccelerator/Components/WizardContents/ExportSteps/AcceleratorDetailsForm/index.tsx
  14:3  warning  'FioriInput' is defined but never used  @typescript-eslint/no-unused-vars

✖ 21 problems (0 errors, 21 warnings)
 @ http://localhost:3006/g/statics/suite-shell/static/js/7778.10f94e2f.js:478
[  267797ms] [ERROR] [webpack-dev-server] Errors while compiling. Reload prevented. @ http://localhost:3006/g/statics/suite-shell/static/js/7778.10f94e2f.js:478
[  267799ms] [ERROR] [webpack-dev-server] ERROR in ./src/valueAccelerator/Components/ImportedPackagesTable/ImportedPackagesTable.tsx
Module build failed (from ./node_modules/babel-loader/lib/index.js):
SyntaxError: /Users/I584745/CODE/tools.sap.com/value-accelerator-client/client/src/valueAccelerator/Components/ImportedPackagesTable/ImportedPackagesTable.tsx: Expected corresponding JSX closing tag for <ValErrorBoundary>. (442:6)

  440 |           />
  441 |         </div>
> 442 |       </div>
      |       ^
  443 |     </ValErrorBoundary>
  444 |   );
  445 | };
    at constructor (/Users/I584745/CODE/tools.sap.com/value-accelerator-client/client/node_modules/@babel/parser/lib/index.js:365:19)
    at TypeScriptParserMixin.raise (/Users/I584745/CODE/tools.sap.com/value-accelerator-client/client/node_modules/@babel/parser/lib/index.js:6616:19)
    at TypeScriptParserMixin.jsxParseElementAt (/Users/I584745/CODE/tools.sap.com/value-accelerator-client/client/node_modules/@babel/parser/lib/index.js:4739:16)
    at TypeScriptParserMixin.jsxParseElement (/Users/I584745/CODE/tools.sap.com/value-accelerator-client/client/node_modules/@babel/parser/lib/index.js:4761:17)
    at TypeScriptParserMixin.parseExprAtom (/Users/I584745/CODE/tools.sap.com/value-accelerator-client/client/node_modules/@babel/parser/lib/index.js:4771:19)
    at TypeScriptParserMixin.parseExprSubscripts (/Users/I584745/CODE/tools.sap.com/value-accelerator-client/client/node_modules/@babel/parser/lib/index.js:11098:23)
    at TypeScriptParserMixin.parseUpdate (/Users/I584745/CODE/tools.sap.com/value-accelerator-client/client/node_modules/@babel/parser/lib/index.js:11083:21)
    at TypeScriptParserMixin.parseMaybeUnary (/Users/I584745/CODE/tools.sap.com/value-accelerator-client/client/node_modules/@babel/parser/lib/index.js:11063:23)
    at TypeScriptParserMixin.parseMaybeUnary (/Users/I584745/CODE/tools.sap.com/value-accelerator-client/client/node_modules/@babel/parser/lib/index.js:9854:18)
    at TypeScriptParserMixin.parseMaybeUnaryOrPrivate (/Users/I584745/CODE/tools.sap.com/value-accelerator-client/client/node_modules/@babel/parser/lib/index.js:10916:61)
    at TypeScriptParserMixin.parseExprOps (/Users/I584745/CODE/tools.sap.com/value-accelerator-client/client/node_modules/@babel/parser/lib/index.js:10921:23)
    at TypeScriptParserMixin.parseMaybeConditional (/Users/I584745/CODE/tools.sap.com/value-accelerator-client/client/node_modules/@babel/parser/lib/index.js:10898:23)
    at TypeScriptParserMixin.parseMaybeAssign (/Users/I584745/CODE/tools.sap.com/value-accelerator-client/client/node_modules/@babel/parser/lib/index.js:10848:21)
    at /Users/I584745/CODE/tools.sap.com/value-accelerator-client/client/node_modules/@babel/parser/lib/index.js:9792:39
    at TypeScriptParserMixin.tryParse (/Users/I584745/CODE/tools.sap.com/value-accelerator-client/client/node_modules/@babel/parser/lib/index.js:6924:20)
    at TypeScriptParserMixin.parseMaybeAssign (/Users/I584745/CODE/tools.sap.com/value-accelerator-client/client/node_modules/@babel/parser/lib/index.js:9792:18)
    at /Users/I584745/CODE/tools.sap.com/value-accelerator-client/client/node_modules/@babel/parser/lib/index.js:10817:39
    at TypeScriptParserMixin.allowInAnd (/Users/I584745/CODE/tools.sap.com/value-accelerator-client/client/node_modules/@babel/parser/lib/index.js:12443:12)
    at TypeScriptParserMixin.parseMaybeAssignAllowIn (/Users/I584745/CODE/tools.sap.com/value-accelerator-client/client/node_modules/@babel/parser/lib/index.js:10817:17)
    at TypeScriptParserMixin.parseMaybeAssignAllowInOrVoidPattern (/Users/I584745/CODE/tools.sap.com/value-accelerator-client/client/node_modules/@babel/parser/lib/index.js:12510:17)
    at TypeScriptParserMixin.parseParenAndDistinguishExpression (/Users/I584745/CODE/tools.sap.com/value-accelerator-client/client/node_modules/@babel/parser/lib/index.js:11692:28)
    at TypeScriptParserMixin.parseExprAtom (/Users/I584745/CODE/tools.sap.com/value-accelerator-client/client/node_modules/@babel/parser/lib/index.js:11348:23)
    at TypeScriptParserMixin.parseExprAtom (/Users/I584745/CODE/tools.sap.com/value-accelerator-client/client/node_modules/@babel/parser/lib/index.js:4776:20)
    at TypeScriptParserMixin.parseExprSubscripts (/Users/I584745/CODE/tools.sap.com/value-accelerator-client/client/node_modules/@babel/parser/lib/index.js:11098:23)
    at TypeScriptParserMixin.parseUpdate (/Users/I584745/CODE/tools.sap.com/value-accelerator-client/client/node_modules/@babel/parser/lib/index.js:11083:21)
    at TypeScriptParserMixin.parseMaybeUnary (/Users/I584745/CODE/tools.sap.com/value-accelerator-client/client/node_modules/@babel/parser/lib/index.js:11063:23)
    at TypeScriptParserMixin.parseMaybeUnary (/Users/I584745/CODE/tools.sap.com/value-accelerator-client/client/node_modules/@babel/parser/lib/index.js:9854:18)
    at TypeScriptParserMixin.parseMaybeUnaryOrPrivate (/Users/I584745/CODE/tools.sap.com/value-accelerator-client/client/node_modules/@babel/parser/lib/index.js:10916:61)
    at TypeScriptParserMixin.parseExprOps (/Users/I584745/CODE/tools.sap.com/value-accelerator-client/client/node_modules/@babel/parser/lib/index.js:10921:23)
    at TypeScriptParserMixin.parseMaybeConditional (/Users/I584745/CODE/tools.sap.com/value-accelerator-client/client/node_modules/@babel/parser/lib/index.js:10898:23)
    at TypeScriptParserMixin.parseMaybeAssign (/Users/I584745/CODE/tools.sap.com/value-accelerator-client/client/node_modules/@babel/parser/lib/index.js:10848:21)
    at TypeScriptParserMixin.parseMaybeAssign (/Users/I584745/CODE/tools.sap.com/value-accelerator-client/client/node_modules/@babel/parser/lib/index.js:9803:20)
    at TypeScriptParserMixin.parseExpressionBase (/Users/I584745/CODE/tools.sap.com/value-accelerator-client/client/node_modules/@babel/parser/lib/index.js:10801:23)
    at /Users/I584745/CODE/tools.sap.com/value-accelerator-client/client/node_modules/@babel/parser/lib/index.js:10797:39
    at TypeScriptParserMixin.allowInAnd (/Users/I584745/CODE/tools.sap.com/value-accelerator-client/client/node_modules/@babel/parser/lib/index.js:12438:16)
    at TypeScriptParserMixin.parseExpression (/Users/I584745/CODE/tools.sap.com/value-accelerator-client/client/node_modules/@babel/parser/lib/index.js:10797:17)
    at TypeScriptParserMixin.parseReturnStatement (/Users/I584745/CODE/tools.sap.com/value-accelerator-client/client/node_modules/@babel/parser/lib/index.js:13159:28)
    at TypeScriptParserMixin.parseStatementContent (/Users/I584745/CODE/tools.sap.com/value-accelerator-client/client/node_modules/@babel/parser/lib/index.js:12815:21)
    at TypeScriptParserMixin.parseStatementContent (/Users/I584745/CODE/tools.sap.com/value-accelerator-client/client/node_modules/@babel/parser/lib/index.js:9525:18)
    at TypeScriptParserMixin.parseStatementLike (/Users/I584745/CODE/tools.sap.com/value-accelerator-client/client/node_modules/@babel/parser/lib/index.js:12784:17)
    at TypeScriptParserMixin.parseStatementListItem (/Users/I584745/CODE/tools.sap.com/value-accelerator-client/client/node_modules/@babel/parser/lib/index.js:12764:17)
    at TypeScriptParserMixin.parseBlockOrModuleBlockBody (/Users/I584745/CODE/tools.sap.com/value-accelerator-client/client/node_modules/@babel/parser/lib/index.js:13333:61)
    at TypeScriptParserMixin.parseBlockBody (/Users/I584745/CODE/tools.sap.com/value-accelerator-client/client/node_modules/@babel/parser/lib/index.js:13326:10)
    at TypeScriptParserMixin.parseBlock (/Users/I584745/CODE/tools.sap.com/value-accelerator-client/client/node_modules/@babel/parser/lib/index.js:13314:10)
    at TypeScriptParserMixin.parseFunctionBody (/Users/I584745/CODE/tools.sap.com/value-accelerator-client/client/node_modules/@babel/parser/lib/index.js:12117:24)
    at TypeScriptParserMixin.parseArrowExpression (/Users/I584745/CODE/tools.sap.com/value-accelerator-client/client/node_modules/@babel/parser/lib/index.js:12092:10)
    at TypeScriptParserMixin.parseParenAndDistinguishExpression (/Users/I584745/CODE/tools.sap.com/value-accelerator-client/client/node_modules/@babel/parser/lib/index.js:11704:12)
    at TypeScriptParserMixin.parseExprAtom (/Users/I584745/CODE/tools.sap.com/value-accelerator-client/client/node_modules/@babel/parser/lib/index.js:11348:23)
    at TypeScriptParserMixin.parseExprAtom (/Users/I584745/CODE/tools.sap.com/value-accelerator-client/client/node_modules/@babel/parser/lib/index.js:4776:20)
    at TypeScriptParserMixin.parseExprSubscripts (/Users/I584745/CODE/tools.sap.com/value-accelerator-client/client/node_modules/@babel/parser/lib/index.js:11098:23) @ http://localhost:3006/g/statics/suite-shell/static/js/7778.10f94e2f.js:478
[  267800ms] [ERROR] [webpack-dev-server] ERROR
[eslint] 
/Users/I584745/CODE/tools.sap.com/value-accelerator-client/client/src/valueAccelerator/Components/ImportedPackagesTable/ImportedPackagesTable.tsx
  442:8  error  Parsing error: Expected corresponding JSX closing tag for 'ValErrorBoundary'

✖ 1 problem (1 error, 0 warnings)
 @ http://localhost:3006/g/statics/suite-shell/static/js/7778.10f94e2f.js:478
[  267800ms] [ERROR] [webpack-dev-server] ERROR in ./src/valueAccelerator/Components/ImportedPackagesTable/ImportedPackagesTable.tsx:442:9
TS17002: Expected corresponding JSX closing tag for 'ValErrorBoundary'.
    440 |           />
    441 |         </div>
  > 442 |       </div>
        |         ^^^
    443 |     </ValErrorBoundary>
    444 |   );
    445 | }; @ http://localhost:3006/g/statics/suite-shell/static/js/7778.10f94e2f.js:478
[  267800ms] [ERROR] [webpack-dev-server] ERROR in ./src/valueAccelerator/Components/ImportedPackagesTable/ImportedPackagesTable.tsx:443:5
TS1005: ')' expected.
    441 |         </div>
    442 |       </div>
  > 443 |     </ValErrorBoundary>
        |     ^^
    444 |   );
    445 | };
    446 | @ http://localhost:3006/g/statics/suite-shell/static/js/7778.10f94e2f.js:478
[  267800ms] [ERROR] [webpack-dev-server] ERROR in ./src/valueAccelerator/Components/ImportedPackagesTable/ImportedPackagesTable.tsx:444:3
TS1109: Expression expected.
    442 |       </div>
    443 |     </ValErrorBoundary>
  > 444 |   );
        |   ^
    445 | };
    446 | @ http://localhost:3006/g/statics/suite-shell/static/js/7778.10f94e2f.js:478
[  267801ms] [ERROR] [webpack-dev-server] ERROR in ./src/valueAccelerator/Components/ImportedPackagesTable/ImportedPackagesTable.tsx:445:1
TS1128: Declaration or statement expected.
    443 |     </ValErrorBoundary>
    444 |   );
  > 445 | };
        | ^
    446 | @ http://localhost:3006/g/statics/suite-shell/static/js/7778.10f94e2f.js:478
[  290372ms] [WARNING] [webpack-dev-server] Warnings while compiling. @ http://localhost:3006/g/statics/suite-shell/static/js/7778.10f94e2f.js:478
[  290373ms] [WARNING] [webpack-dev-server] WARNING
DefinePlugin
Conflicting values for 'process.env' @ http://localhost:3006/g/statics/suite-shell/static/js/7778.10f94e2f.js:478
[  290373ms] [WARNING] [webpack-dev-server] WARNING
[eslint] 
/Users/I584745/CODE/tools.sap.com/value-accelerator-client/client/src/hooks/useDownloadCsv.ts
  46:5  warning  React Hook useCallback has a missing dependency: 'containerPage'. Either include it or remove the dependency array  react-hooks/exhaustive-deps
  57:5  warning  React Hook useCallback has a missing dependency: 'containerPage'. Either include it or remove the dependency array  react-hooks/exhaustive-deps

/Users/I584745/CODE/tools.sap.com/value-accelerator-client/client/src/hooks/useEditPublishPackage.ts
  100:25  warning  Unexpected string concatenation of literals  no-useless-concat
  100:50  warning  Unexpected string concatenation of literals  no-useless-concat

/Users/I584745/CODE/tools.sap.com/value-accelerator-client/client/src/hooks/useGetImportedPackage.ts
   30:9  warning  'client' is assigned a value but never used                                                                                                               @typescript-eslint/no-unused-vars
  220:6  warning  React Hook useEffect has missing dependencies: 'error', 'id', 'newImport?.name', and 'toastMutation'. Either include them or remove the dependency array  react-hooks/exhaustive-deps

/Users/I584745/CODE/tools.sap.com/value-accelerator-client/client/src/hooks/useGetIsExportAllowed.ts
  7:10  warning  'logger' is defined but never used  @typescript-eslint/no-unused-vars

/Users/I584745/CODE/tools.sap.com/value-accelerator-client/client/src/hooks/useGetUserWorkspaces.ts
  7:10  warning  'logger' is defined but never used  @typescript-eslint/no-unused-vars

/Users/I584745/CODE/tools.sap.com/value-accelerator-client/client/src/store/selectedTreeTableStore.ts
  5:10  warning  'ContentOverviewItem' is defined but never used  @typescript-eslint/no-unused-vars

/Users/I584745/CODE/tools.sap.com/value-accelerator-client/client/src/types/importTypes.ts
  95:13  warning  'DictionaryContent' is already defined  @typescript-eslint/no-redeclare

/Users/I584745/CODE/tools.sap.com/value-accelerator-client/client/src/valueAccelerator/Components/DependencyGraph/DependencyGraph.tsx
  133:6  warning  React Hook useMemo has an unnecessary dependency: 'checkedNodes'. Either exclude it or remove the dependency array  react-hooks/exhaustive-deps

/Users/I584745/CODE/tools.sap.com/value-accelerator-client/client/src/valueAccelerator/Components/ImportDetailsPanel/components/CustomizationsSection.tsx
  211:5  warning  'selectedName' is assigned a value but never used  @typescript-eslint/no-unused-vars

/Users/I584745/CODE/tools.sap.com/value-accelerator-client/client/src/valueAccelerator/Components/ImportDetailsPanel/components/useCustomizationSectionHelpers.ts
  429:6  warning  React Hook useEffect has a missing dependency: 'setShowTable'. Either include it or remove the dependency array. If 'setShowTable' changes too often, find the parent component that defines it and wrap that definition in useCallback  react-hooks/exhaustive-deps

/Users/I584745/CODE/tools.sap.com/value-accelerator-client/client/src/valueAccelerator/Components/ImportModal/components/SelectiveImport/SelectiveImportTreeTable.tsx
  995:33  warning  'subType' is assigned a value but never used  @typescript-eslint/no-unused-vars

/Users/I584745/CODE/tools.sap.com/value-accelerator-client/client/src/valueAccelerator/Components/ImportModal/components/SelectiveImport/TreeSearchBar.tsx
  46:6  warning  React Hook useCallback has a missing dependency: 'trackSearch'. Either include it or remove the dependency array  react-hooks/exhaustive-deps

/Users/I584745/CODE/tools.sap.com/value-accelerator-client/client/src/valueAccelerator/Components/ImportModal/helpers/useWorkspaceSelection.ts
  55:7  warning  React Hook useMemo has a complex expression in the dependency array. Extract it to a separate variable so it can be statically checked  react-hooks/exhaustive-deps
  56:7  warning  React Hook useMemo has a complex expression in the dependency array. Extract it to a separate variable so it can be statically checked  react-hooks/exhaustive-deps

/Users/I584745/CODE/tools.sap.com/value-accelerator-client/client/src/valueAccelerator/Components/ImportedPackagesTable/ImportedPackagesTable.tsx
  236:9   warning  The 'ActionsCellRow' function makes the dependencies of useMemo Hook (at line 349) change on every render. Move it inside the useMemo callback. Alternatively, wrap the definition of 'ActionsCellRow' in its own useCallback() Hook  react-hooks/exhaustive-deps
  379:11  warning  Delete `··`                                                                                                                                                                                                                           prettier/prettier
  380:11  warning  Delete `··`                                                                                                                                                                                                                           prettier/prettier
  381:1   warning  Replace `············` with `··········`                                                                                                                                                                                              prettier/prettier
  382:1   warning  Delete `··`                                                                                                                                                                                                                           prettier/prettier
  383:1   warning  Delete `··`                                                                                                                                                                                                                           prettier/prettier
  384:13  warning  Delete `··`                                                                                                                                                                                                                           prettier/prettier
  385:1   warning  Delete `··`                                                                                                                                                                                                                           prettier/prettier
  386:15  warning  Delete `··`                                                                                                                                                                                                                           prettier/prettier
  387:13  warning  Delete `··`                                                                                                                                                                                                                           prettier/prettier
  388:1   warning  Replace `············` with `··········`                                                                                                                                                                                              prettier/prettier
  389:1   warning  Delete `··`                                                                                                                                                                                                                           prettier/prettier
  390:1   warning  Delete `··`                                                                                                                                                                                                                           prettier/prettier
  392:13  warning  Delete `··`                                                                                                                                                                                                                           prettier/prettier
  393:1   warning  Delete `··`                                                                                                                                                                                                                           prettier/prettier
  394:17  warning  Delete `··`                                                                                                                                                                                                                           prettier/prettier
  395:1   warning  Delete `··`                                                                                                                                                                                                                           prettier/prettier
  396:15  warning  Delete `··`                                                                                                                                                                                                                           prettier/prettier
  397:1   warning  Delete `··`                                                                                                                                                                                                                           prettier/prettier
  398:1   warning  Replace `················` with `··············`                                                                                                                                                                                      prettier/prettier
  399:1   warning  Delete `··`                                                                                                                                                                                                                           prettier/prettier
  400:1   warning  Delete `··`                                                                                                                                                                                                                           prettier/prettier
  401:15  warning  Delete `··`                                                                                                                                                                                                                           prettier/prettier
  402:13  warning  Delete `··`                                                                                                                                                                                                                           prettier/prettier
  403:1   warning  Replace `············` with `··········`                                                                                                                                                                                              prettier/prettier
  404:1   warning  Delete `··`                                                                                                                                                                                                                           prettier/prettier
  405:11  warning  Delete `··`                                                                                                                                                                                                                           prettier/prettier
  406:11  warning  Delete `··`                                                                                                                                                                                                                           prettier/prettier
  407:1   warning  Delete `··`                                                                                                                                                                                                                           prettier/prettier
  408:11  warning  Delete `··`                                                                                                                                                                                                                           prettier/prettier
  409:1   warning  Delete `··`                                                                                                                                                                                                                           prettier/prettier
  410:1   warning  Replace `············` with `··········`                                                                                                                                                                                              prettier/prettier
  411:1   warning  Delete `··`                                                                                                                                                                                                                           prettier/prettier
  412:1   warning  Replace `················` with `··············`                                                                                                                                                                                      prettier/prettier
  413:1   warning  Replace `····················[packages.findIndex(⏎······················(p)·=>·p.importId·===·selectedImportId` with `··················[packages.findIndex((p)·=>·p.importId·===·selectedImportId)]:`                                prettier/prettier
  415:20  warning  Delete `·)]:`                                                                                                                                                                                                                         prettier/prettier
  416:17  warning  Delete `··`                                                                                                                                                                                                                           prettier/prettier
  417:1   warning  Delete `··`                                                                                                                                                                                                                           prettier/prettier
  418:11  warning  Delete `··`                                                                                                                                                                                                                           prettier/prettier
  419:1   warning  Delete `··`                                                                                                                                                                                                                           prettier/prettier
  420:1   warning  Replace `············` with `··········`                                                                                                                                                                                              prettier/prettier
  421:13  warning  Delete `··`                                                                                                                                                                                                                           prettier/prettier
  422:1   warning  Replace `············` with `··········`                                                                                                                                                                                              prettier/prettier
  423:1   warning  Delete `··`                                                                                                                                                                                                                           prettier/prettier
  424:1   warning  Delete `··`                                                                                                                                                                                                                           prettier/prettier
  425:11  warning  Delete `··`                                                                                                                                                                                                                           prettier/prettier
  426:1   warning  Delete `··`                                                                                                                                                                                                                           prettier/prettier
  427:1   warning  Replace `··············` with `············`                                                                                                                                                                                          prettier/prettier
  428:15  warning  Delete `··`                                                                                                                                                                                                                           prettier/prettier
  429:1   warning  Delete `··`                                                                                                                                                                                                                           prettier/prettier
  430:13  warning  Delete `··`                                                                                                                                                                                                                           prettier/prettier
  431:1   warning  Delete `··`                                                                                                                                                                                                                           prettier/prettier
  432:11  warning  Delete `··`                                                                                                                                                                                                                           prettier/prettier
  433:1   warning  Delete `··`                                                                                                                                                                                                                           prettier/prettier
  434:1   warning  Replace `··············` with `············`                                                                                                                                                                                          prettier/prettier
  435:1   warning  Delete `··`                                                                                                                                                                                                                           prettier/prettier
  436:1   warning  Replace `··············` with `············`                                                                                                                                                                                          prettier/prettier
  437:11  warning  Delete `··`                                                                                                                                                                                                                           prettier/prettier
  438:1   warning  Delete `··`                                                                                                                                                                                                                           prettier/prettier
  439:11  warning  Delete `··`                                                                                                                                                                                                                           prettier/prettier
  440:1   warning  Delete `··`                                                                                                                                                                                                                           prettier/prettier

/Users/I584745/CODE/tools.sap.com/value-accelerator-client/client/src/valueAccelerator/Components/PublishDialog/usePublishDialogHelpers.tsx
  172:6  warning  React Hook useMemo has a missing dependency: 'publishedPackage?.id'. Either include it or remove the dependency array  react-hooks/exhaustive-deps

/Users/I584745/CODE/tools.sap.com/value-accelerator-client/client/src/valueAccelerator/Components/PublishDialog/usePublishDialogInit.tsx
  76:6  warning  React Hook useMemo has an unnecessary dependency: 'publishedPackage.imageUrl'. Either exclude it or remove the dependency array  react-hooks/exhaustive-deps

/Users/I584745/CODE/tools.sap.com/value-accelerator-client/client/src/valueAccelerator/Components/WizardContents/ExportSteps/AcceleratorDetailsForm/helpers/useDetailsStepHandler.ts
  4:3  warning  'ExportPackageSchema' is defined but never used  @typescript-eslint/no-unused-vars

/Users/I584745/CODE/tools.sap.com/value-accelerator-client/client/src/valueAccelerator/Components/WizardContents/ExportSteps/AcceleratorDetailsForm/index.tsx
  14:3  warning  'FioriInput' is defined but never used  @typescript-eslint/no-unused-vars

✖ 82 problems (0 errors, 82 warnings)
  0 errors and 60 warnings potentially fixable with the `--fix` option.
 @ http://localhost:3006/g/statics/suite-shell/static/js/7778.10f94e2f.js:478
[  290531ms] [WARNING] [HMR] Cannot apply update. Need to do a full reload! @ http://localhost:3006/g/statics/suite-shell/static/js/7778.10f94e2f.js:478
[  290531ms] [WARNING] [HMR] Error: Aborted because ./src/valueAccelerator/Components/ImportedPackagesTable/ImportedPackagesTable.tsx is not accepted
Update propagation: ./src/valueAccelerator/Components/ImportedPackagesTable/ImportedPackagesTable.tsx -> ./src/valueAccelerator/Components/ImportedPackagesTable/index.ts -> ./src/valueAccelerator/LibraryContainer/InstallationLogTab/InstallationLogTab.tsx -> ./src/valueAccelerator/LibraryContainer/InstallationLogTab/index.ts -> ./src/valueAccelerator/LibraryContainer/LibraryContainer.tsx -> ./src/valueAccelerator/LibraryContainer/index.ts -> ./src/modules/GalleryModule.tsx -> webpack/container/entry/valueAcceleratorMFE
    at applyHandler (http://localhost:3006/g/statics/val-client/static/js/remoteEntry.js?v=1787039644251:4934:31)
    at http://localhost:3006/g/statics/val-client/static/js/remoteEntry.js?v=1787039644251:4385:21
    at Array.map (<anonymous>)
    at internalApply (http://localhost:3006/g/statics/val-client/static/js/remoteEntry.js?v=1787039644251:4384:54)
    at http://localhost:3006/g/statics/val-client/static/js/remoteEntry.js?v=1787039644251:4355:26
    at waitForBlockingPromises (http://localhost:3006/g/statics/val-client/static/js/remoteEntry.js?v=1787039644251:4309:48)
    at http://localhost:3006/g/statics/val-client/static/js/remoteEntry.js?v=1787039644251:4353:24 @ http://localhost:3006/g/statics/suite-shell/static/js/7778.10f94e2f.js:478
[  290867ms] [ERROR] Failed to load resource: the server responded with a status of 404 (Not Found) @ http://localhost:3006/ruxitagentjs_ICA7NVfqrux_10339260603164134.js:0
[  290867ms] [ERROR] Refused to execute script from 'http://localhost:3006/ruxitagentjs_ICA7NVfqrux_10339260603164134.js' because its MIME type ('text/html') is not executable, and strict MIME type checking is enabled. @ http://localhost:3006/p/hub/val?tab=created:0
[  291433ms] [ERROR] Failed to load resource: the server responded with a status of 404 (Not Found) @ http://localhost:3006/spg/api/v1/fe6185009b4b4a718e88b5c22b766bc9/me:0
[  291568ms] [ERROR] Failed to load resource: the server responded with a status of 404 (Not Found) @ http://localhost:3006/g/api/tenant-service/v1/tenants/fe6185009b4b4a718e88b5c22b766bc9/mappings?type=signavio_to_btp_sub_account_id_process_analysis_and_mining:0
[  292648ms] [ERROR] Invalid Sentry Dsn: YOUR_SENTRY_DSN @ http://localhost:3006/g/statics/suite-shell/static/js/7778.10f94e2f.js:478
[  292660ms] [WARNING] [LaunchDarkly] The waitForInitialization function was called without a timeout specified. In a future version a default timeout will be applied. @ http://localhost:3006/g/statics/suite-shell/static/js/7778.10f94e2f.js:478
[  292690ms] [WARNING] Unsatisfied version 18.3.1 from shell of shared singleton module react-dom (required =18.2.0) @ http://localhost:3006/g/statics/suite-shell/static/js/7778.10f94e2f.js:478
[  292690ms] [WARNING] Unsatisfied version 18.3.1 from shell of shared singleton module react (required =18.2.0) @ http://localhost:3006/g/statics/suite-shell/static/js/7778.10f94e2f.js:478
[  292691ms] [WARNING] Unsatisfied version 7.18.2 from shell of shared singleton module react-router-dom (required ^6.16.0) @ http://localhost:3006/g/statics/suite-shell/static/js/7778.10f94e2f.js:478
[  292710ms] [WARNING] [webpack-dev-server] Warnings while compiling. @ http://localhost:3006/g/statics/suite-shell/static/js/7778.10f94e2f.js:478
[  292711ms] [WARNING] [webpack-dev-server] WARNING
DefinePlugin
Conflicting values for 'process.env' @ http://localhost:3006/g/statics/suite-shell/static/js/7778.10f94e2f.js:478
[  292711ms] [WARNING] [webpack-dev-server] WARNING
[eslint] 
/Users/I584745/CODE/tools.sap.com/value-accelerator-client/client/src/hooks/useDownloadCsv.ts
  46:5  warning  React Hook useCallback has a missing dependency: 'containerPage'. Either include it or remove the dependency array  react-hooks/exhaustive-deps
  57:5  warning  React Hook useCallback has a missing dependency: 'containerPage'. Either include it or remove the dependency array  react-hooks/exhaustive-deps

/Users/I584745/CODE/tools.sap.com/value-accelerator-client/client/src/hooks/useEditPublishPackage.ts
  100:25  warning  Unexpected string concatenation of literals  no-useless-concat
  100:50  warning  Unexpected string concatenation of literals  no-useless-concat

/Users/I584745/CODE/tools.sap.com/value-accelerator-client/client/src/hooks/useGetImportedPackage.ts
   30:9  warning  'client' is assigned a value but never used                                                                                                               @typescript-eslint/no-unused-vars
  220:6  warning  React Hook useEffect has missing dependencies: 'error', 'id', 'newImport?.name', and 'toastMutation'. Either include them or remove the dependency array  react-hooks/exhaustive-deps

/Users/I584745/CODE/tools.sap.com/value-accelerator-client/client/src/hooks/useGetIsExportAllowed.ts
  7:10  warning  'logger' is defined but never used  @typescript-eslint/no-unused-vars

/Users/I584745/CODE/tools.sap.com/value-accelerator-client/client/src/hooks/useGetUserWorkspaces.ts
  7:10  warning  'logger' is defined but never used  @typescript-eslint/no-unused-vars

/Users/I584745/CODE/tools.sap.com/value-accelerator-client/client/src/store/selectedTreeTableStore.ts
  5:10  warning  'ContentOverviewItem' is defined but never used  @typescript-eslint/no-unused-vars

/Users/I584745/CODE/tools.sap.com/value-accelerator-client/client/src/types/importTypes.ts
  95:13  warning  'DictionaryContent' is already defined  @typescript-eslint/no-redeclare

/Users/I584745/CODE/tools.sap.com/value-accelerator-client/client/src/valueAccelerator/Components/DependencyGraph/DependencyGraph.tsx
  133:6  warning  React Hook useMemo has an unnecessary dependency: 'checkedNodes'. Either exclude it or remove the dependency array  react-hooks/exhaustive-deps

/Users/I584745/CODE/tools.sap.com/value-accelerator-client/client/src/valueAccelerator/Components/ImportDetailsPanel/components/CustomizationsSection.tsx
  211:5  warning  'selectedName' is assigned a value but never used  @typescript-eslint/no-unused-vars

/Users/I584745/CODE/tools.sap.com/value-accelerator-client/client/src/valueAccelerator/Components/ImportDetailsPanel/components/useCustomizationSectionHelpers.ts
  429:6  warning  React Hook useEffect has a missing dependency: 'setShowTable'. Either include it or remove the dependency array. If 'setShowTable' changes too often, find the parent component that defines it and wrap that definition in useCallback  react-hooks/exhaustive-deps

/Users/I584745/CODE/tools.sap.com/value-accelerator-client/client/src/valueAccelerator/Components/ImportModal/components/SelectiveImport/SelectiveImportTreeTable.tsx
  995:33  warning  'subType' is assigned a value but never used  @typescript-eslint/no-unused-vars

/Users/I584745/CODE/tools.sap.com/value-accelerator-client/client/src/valueAccelerator/Components/ImportModal/components/SelectiveImport/TreeSearchBar.tsx
  46:6  warning  React Hook useCallback has a missing dependency: 'trackSearch'. Either include it or remove the dependency array  react-hooks/exhaustive-deps

/Users/I584745/CODE/tools.sap.com/value-accelerator-client/client/src/valueAccelerator/Components/ImportModal/helpers/useWorkspaceSelection.ts
  55:7  warning  React Hook useMemo has a complex expression in the dependency array. Extract it to a separate variable so it can be statically checked  react-hooks/exhaustive-deps
  56:7  warning  React Hook useMemo has a complex expression in the dependency array. Extract it to a separate variable so it can be statically checked  react-hooks/exhaustive-deps

/Users/I584745/CODE/tools.sap.com/value-accelerator-client/client/src/valueAccelerator/Components/ImportedPackagesTable/ImportedPackagesTable.tsx
  236:9   warning  The 'ActionsCellRow' function makes the dependencies of useMemo Hook (at line 349) change on every render. Move it inside the useMemo callback. Alternatively, wrap the definition of 'ActionsCellRow' in its own useCallback() Hook  react-hooks/exhaustive-deps
  379:11  warning  Delete `··`                                                                                                                                                                                                                           prettier/prettier
  380:11  warning  Delete `··`                                                                                                                                                                                                                           prettier/prettier
  381:1   warning  Replace `············` with `··········`                                                                                                                                                                                              prettier/prettier
  382:1   warning  Delete `··`                                                                                                                                                                                                                           prettier/prettier
  383:1   warning  Delete `··`                                                                                                                                                                                                                           prettier/prettier
  384:13  warning  Delete `··`                                                                                                                                                                                                                           prettier/prettier
  385:1   warning  Delete `··`                                                                                                                                                                                                                           prettier/prettier
  386:15  warning  Delete `··`                                                                                                                                                                                                                           prettier/prettier
  387:13  warning  Delete `··`                                                                                                                                                                                                                           prettier/prettier
  388:1   warning  Replace `············` with `··········`                                                                                                                                                                                              prettier/prettier
  389:1   warning  Delete `··`                                                                                                                                                                                                                           prettier/prettier
  390:1   warning  Delete `··`                                                                                                                                                                                                                           prettier/prettier
  392:13  warning  Delete `··`                                                                                                                                                                                                                           prettier/prettier
  393:1   warning  Delete `··`                                                                                                                                                                                                                           prettier/prettier
  394:17  warning  Delete `··`                                                                                                                                                                                                                           prettier/prettier
  395:1   warning  Delete `··`                                                                                                                                                                                                                           prettier/prettier
  396:15  warning  Delete `··`                                                                                                                                                                                                                           prettier/prettier
  397:1   warning  Delete `··`                                                                                                                                                                                                                           prettier/prettier
  398:1   warning  Replace `················` with `··············`                                                                                                                                                                                      prettier/prettier
  399:1   warning  Delete `··`                                                                                                                                                                                                                           prettier/prettier
  400:1   warning  Delete `··`                                                                                                                                                                                                                           prettier/prettier
  401:15  warning  Delete `··`                                                                                                                                                                                                                           prettier/prettier
  402:13  warning  Delete `··`                                                                                                                                                                                                                           prettier/prettier
  403:1   warning  Replace `············` with `··········`                                                                                                                                                                                              prettier/prettier
  404:1   warning  Delete `··`                                                                                                                                                                                                                           prettier/prettier
  405:11  warning  Delete `··`                                                                                                                                                                                                                           prettier/prettier
  406:11  warning  Delete `··`                                                                                                                                                                                                                           prettier/prettier
  407:1   warning  Delete `··`                                                                                                                                                                                                                           prettier/prettier
  408:11  warning  Delete `··`                                                                                                                                                                                                                           prettier/prettier
  409:1   warning  Delete `··`                                                                                                                                                                                                                           prettier/prettier
  410:1   warning  Replace `············` with `··········`                                                                                                                                                                                              prettier/prettier
  411:1   warning  Delete `··`                                                                                                                                                                                                                           prettier/prettier
  412:1   warning  Replace `················` with `··············`                                                                                                                                                                                      prettier/prettier
  413:1   warning  Replace `····················[packages.findIndex(⏎······················(p)·=>·p.importId·===·selectedImportId` with `··················[packages.findIndex((p)·=>·p.importId·===·selectedImportId)]:`                                prettier/prettier
  415:20  warning  Delete `·)]:`                                                                                                                                                                                                                         prettier/prettier
  416:17  warning  Delete `··`                                                                                                                                                                                                                           prettier/prettier
  417:1   warning  Delete `··`                                                                                                                                                                                                                           prettier/prettier
  418:11  warning  Delete `··`                                                                                                                                                                                                                           prettier/prettier
  419:1   warning  Delete `··`                                                                                                                                                                                                                           prettier/prettier
  420:1   warning  Replace `············` with `··········`                                                                                                                                                                                              prettier/prettier
  421:13  warning  Delete `··`                                                                                                                                                                                                                           prettier/prettier
  422:1   warning  Replace `············` with `··········`                                                                                                                                                                                              prettier/prettier
  423:1   warning  Delete `··`                                                                                                                                                                                                                           prettier/prettier
  424:1   warning  Delete `··`                                                                                                                                                                                                                           prettier/prettier
  425:11  warning  Delete `··`                                                                                                                                                                                                                           prettier/prettier
  426:1   warning  Delete `··`                                                                                                                                                                                                                           prettier/prettier
  427:1   warning  Replace `··············` with `············`                                                                                                                                                                                          prettier/prettier
  428:15  warning  Delete `··`                                                                                                                                                                                                                           prettier/prettier
  429:1   warning  Delete `··`                                                                                                                                                                                                                           prettier/prettier
  430:13  warning  Delete `··`                                                                                                                                                                                                                           prettier/prettier
  431:1   warning  Delete `··`                                                                                                                                                                                                                           prettier/prettier
  432:11  warning  Delete `··`                                                                                                                                                                                                                           prettier/prettier
  433:1   warning  Delete `··`                                                                                                                                                                                                                           prettier/prettier
  434:1   warning  Replace `··············` with `············`                                                                                                                                                                                          prettier/prettier
  435:1   warning  Delete `··`                                                                                                                                                                                                                           prettier/prettier
  436:1   warning  Replace `··············` with `············`                                                                                                                                                                                          prettier/prettier
  437:11  warning  Delete `··`                                                                                                                                                                                                                           prettier/prettier
  438:1   warning  Delete `··`                                                                                                                                                                                                                           prettier/prettier
  439:11  warning  Delete `··`                                                                                                                                                                                                                           prettier/prettier
  440:1   warning  Delete `··`                                                                                                                                                                                                                           prettier/prettier

/Users/I584745/CODE/tools.sap.com/value-accelerator-client/client/src/valueAccelerator/Components/PublishDialog/usePublishDialogHelpers.tsx
  172:6  warning  React Hook useMemo has a missing dependency: 'publishedPackage?.id'. Either include it or remove the dependency array  react-hooks/exhaustive-deps

/Users/I584745/CODE/tools.sap.com/value-accelerator-client/client/src/valueAccelerator/Components/PublishDialog/usePublishDialogInit.tsx
  76:6  warning  React Hook useMemo has an unnecessary dependency: 'publishedPackage.imageUrl'. Either exclude it or remove the dependency array  react-hooks/exhaustive-deps

/Users/I584745/CODE/tools.sap.com/value-accelerator-client/client/src/valueAccelerator/Components/WizardContents/ExportSteps/AcceleratorDetailsForm/helpers/useDetailsStepHandler.ts
  4:3  warning  'ExportPackageSchema' is defined but never used  @typescript-eslint/no-unused-vars

/Users/I584745/CODE/tools.sap.com/value-accelerator-client/client/src/valueAccelerator/Components/WizardContents/ExportSteps/AcceleratorDetailsForm/index.tsx
  14:3  warning  'FioriInput' is defined but never used  @typescript-eslint/no-unused-vars

✖ 82 problems (0 errors, 82 warnings)
  0 errors and 60 warnings potentially fixable with the `--fix` option.
 @ http://localhost:3006/g/statics/suite-shell/static/js/7778.10f94e2f.js:478
[  293578ms] [WARNING] Lit is in dev mode. Not recommended for production! See https://lit.dev/msg/dev-mode for more information. @ http://localhost:3006/g/statics/suite-shell/static/js/7778.10f94e2f.js:478
[  293578ms] [WARNING] Multiple versions of Lit loaded. Loading multiple versions is not recommended. See https://lit.dev/msg/multiple-versions for more information. @ http://localhost:3006/g/statics/suite-shell/static/js/7778.10f94e2f.js:478
[  300259ms] [ERROR] Failed to load resource: the server responded with a status of 401 (Unauthorized) @ http://localhost:3006/g/api/tenant-service/v1/tenants//configurations?type=walkme_settings:0
[  302533ms] [WARNING] [webpack-dev-server] Warnings while compiling. @ http://localhost:3006/g/statics/suite-shell/static/js/7778.10f94e2f.js:478
[  302535ms] [WARNING] [webpack-dev-server] WARNING
DefinePlugin
Conflicting values for 'process.env' @ http://localhost:3006/g/statics/suite-shell/static/js/7778.10f94e2f.js:478
[  302535ms] [WARNING] [webpack-dev-server] WARNING
[eslint] 
/Users/I584745/CODE/tools.sap.com/value-accelerator-client/client/src/hooks/useDownloadCsv.ts
  46:5  warning  React Hook useCallback has a missing dependency: 'containerPage'. Either include it or remove the dependency array  react-hooks/exhaustive-deps
  57:5  warning  React Hook useCallback has a missing dependency: 'containerPage'. Either include it or remove the dependency array  react-hooks/exhaustive-deps

/Users/I584745/CODE/tools.sap.com/value-accelerator-client/client/src/hooks/useEditPublishPackage.ts
  100:25  warning  Unexpected string concatenation of literals  no-useless-concat
  100:50  warning  Unexpected string concatenation of literals  no-useless-concat

/Users/I584745/CODE/tools.sap.com/value-accelerator-client/client/src/hooks/useGetImportedPackage.ts
   30:9  warning  'client' is assigned a value but never used                                                                                                               @typescript-eslint/no-unused-vars
  220:6  warning  React Hook useEffect has missing dependencies: 'error', 'id', 'newImport?.name', and 'toastMutation'. Either include them or remove the dependency array  react-hooks/exhaustive-deps

/Users/I584745/CODE/tools.sap.com/value-accelerator-client/client/src/hooks/useGetIsExportAllowed.ts
  7:10  warning  'logger' is defined but never used  @typescript-eslint/no-unused-vars

/Users/I584745/CODE/tools.sap.com/value-accelerator-client/client/src/hooks/useGetUserWorkspaces.ts
  7:10  warning  'logger' is defined but never used  @typescript-eslint/no-unused-vars

/Users/I584745/CODE/tools.sap.com/value-accelerator-client/client/src/store/selectedTreeTableStore.ts
  5:10  warning  'ContentOverviewItem' is defined but never used  @typescript-eslint/no-unused-vars

/Users/I584745/CODE/tools.sap.com/value-accelerator-client/client/src/types/importTypes.ts
  95:13  warning  'DictionaryContent' is already defined  @typescript-eslint/no-redeclare

/Users/I584745/CODE/tools.sap.com/value-accelerator-client/client/src/valueAccelerator/Components/DependencyGraph/DependencyGraph.tsx
  133:6  warning  React Hook useMemo has an unnecessary dependency: 'checkedNodes'. Either exclude it or remove the dependency array  react-hooks/exhaustive-deps

/Users/I584745/CODE/tools.sap.com/value-accelerator-client/client/src/valueAccelerator/Components/ImportDetailsPanel/components/CustomizationsSection.tsx
  211:5  warning  'selectedName' is assigned a value but never used  @typescript-eslint/no-unused-vars

/Users/I584745/CODE/tools.sap.com/value-accelerator-client/client/src/valueAccelerator/Components/ImportDetailsPanel/components/useCustomizationSectionHelpers.ts
  429:6  warning  React Hook useEffect has a missing dependency: 'setShowTable'. Either include it or remove the dependency array. If 'setShowTable' changes too often, find the parent component that defines it and wrap that definition in useCallback  react-hooks/exhaustive-deps

/Users/I584745/CODE/tools.sap.com/value-accelerator-client/client/src/valueAccelerator/Components/ImportModal/components/SelectiveImport/SelectiveImportTreeTable.tsx
  995:33  warning  'subType' is assigned a value but never used  @typescript-eslint/no-unused-vars

/Users/I584745/CODE/tools.sap.com/value-accelerator-client/client/src/valueAccelerator/Components/ImportModal/components/SelectiveImport/TreeSearchBar.tsx
  46:6  warning  React Hook useCallback has a missing dependency: 'trackSearch'. Either include it or remove the dependency array  react-hooks/exhaustive-deps

/Users/I584745/CODE/tools.sap.com/value-accelerator-client/client/src/valueAccelerator/Components/ImportModal/helpers/useWorkspaceSelection.ts
  55:7  warning  React Hook useMemo has a complex expression in the dependency array. Extract it to a separate variable so it can be statically checked  react-hooks/exhaustive-deps
  56:7  warning  React Hook useMemo has a complex expression in the dependency array. Extract it to a separate variable so it can be statically checked  react-hooks/exhaustive-deps

/Users/I584745/CODE/tools.sap.com/value-accelerator-client/client/src/valueAccelerator/Components/ImportedPackagesTable/ImportedPackagesTable.tsx
  236:9   warning  The 'ActionsCellRow' function makes the dependencies of useMemo Hook (at line 349) change on every render. Move it inside the useMemo callback. Alternatively, wrap the definition of 'ActionsCellRow' in its own useCallback() Hook  react-hooks/exhaustive-deps
  379:11  warning  Delete `··`                                                                                                                                                                                                                           prettier/prettier
  380:11  warning  Delete `··`                                                                                                                                                                                                                           prettier/prettier
  381:1   warning  Replace `············` with `··········`                                                                                                                                                                                              prettier/prettier
  382:1   warning  Delete `··`                                                                                                                                                                                                                           prettier/prettier
  383:1   warning  Delete `··`                                                                                                                                                                                                                           prettier/prettier
  384:13  warning  Delete `··`                                                                                                                                                                                                                           prettier/prettier
  385:1   warning  Delete `··`                                                                                                                                                                                                                           prettier/prettier
  386:15  warning  Delete `··`                                                                                                                                                                                                                           prettier/prettier
  387:13  warning  Delete `··`                                                                                                                                                                                                                           prettier/prettier
  388:1   warning  Replace `············` with `··········`                                                                                                                                                                                              prettier/prettier
  389:1   warning  Delete `··`                                                                                                                                                                                                                           prettier/prettier
  390:1   warning  Delete `··`                                                                                                                                                                                                                           prettier/prettier
  392:13  warning  Delete `··`                                                                                                                                                                                                                           prettier/prettier
  393:1   warning  Delete `··`                                                                                                                                                                                                                           prettier/prettier
  394:17  warning  Delete `··`                                                                                                                                                                                                                           prettier/prettier
  395:1   warning  Delete `··`                                                                                                                                                                                                                           prettier/prettier
  396:15  warning  Delete `··`                                                                                                                                                                                                                           prettier/prettier
  397:1   warning  Delete `··`                                                                                                                                                                                                                           prettier/prettier
  398:1   warning  Replace `················` with `··············`                                                                                                                                                                                      prettier/prettier
  399:1   warning  Delete `··`                                                                                                                                                                                                                           prettier/prettier
  400:1   warning  Delete `··`                                                                                                                                                                                                                           prettier/prettier
  401:15  warning  Delete `··`                                                                                                                                                                                                                           prettier/prettier
  402:13  warning  Delete `··`                                                                                                                                                                                                                           prettier/prettier
  403:1   warning  Replace `············` with `··········`                                                                                                                                                                                              prettier/prettier
  404:1   warning  Delete `··`                                                                                                                                                                                                                           prettier/prettier
  405:11  warning  Delete `··`                                                                                                                                                                                                                           prettier/prettier
  406:11  warning  Delete `··`                                                                                                                                                                                                                           prettier/prettier
  407:1   warning  Delete `··`                                                                                                                                                                                                                           prettier/prettier
  408:11  warning  Delete `··`                                                                                                                                                                                                                           prettier/prettier
  409:1   warning  Delete `··`                                                                                                                                                                                                                           prettier/prettier
  410:1   warning  Replace `············` with `··········`                                                                                                                                                                                              prettier/prettier
  411:1   warning  Delete `··`                                                                                                                                                                                                                           prettier/prettier
  412:1   warning  Replace `················` with `··············`                                                                                                                                                                                      prettier/prettier
  413:1   warning  Replace `····················[packages.findIndex(⏎······················(p)·=>·p.importId·===·selectedImportId` with `··················[packages.findIndex((p)·=>·p.importId·===·selectedImportId)]:`                                prettier/prettier
  415:20  warning  Delete `·)]:`                                                                                                                                                                                                                         prettier/prettier
  416:17  warning  Delete `··`                                                                                                                                                                                                                           prettier/prettier
  417:1   warning  Delete `··`                                                                                                                                                                                                                           prettier/prettier
  418:11  warning  Delete `··`                                                                                                                                                                                                                           prettier/prettier
  419:1   warning  Delete `··`                                                                                                                                                                                                                           prettier/prettier
  420:1   warning  Replace `············` with `··········`                                                                                                                                                                                              prettier/prettier
  421:13  warning  Delete `··`                                                                                                                                                                                                                           prettier/prettier
  422:1   warning  Replace `············` with `··········`                                                                                                                                                                                              prettier/prettier
  423:1   warning  Delete `··`                                                                                                                                                                                                                           prettier/prettier
  424:1   warning  Delete `··`                                                                                                                                                                                                                           prettier/prettier
  425:11  warning  Delete `··`                                                                                                                                                                                                                           prettier/prettier
  426:1   warning  Delete `··`                                                                                                                                                                                                                           prettier/prettier
  427:1   warning  Replace `··············` with `············`                                                                                                                                                                                          prettier/prettier
  428:15  warning  Delete `··`                                                                                                                                                                                                                           prettier/prettier
  429:1   warning  Delete `··`                                                                                                                                                                                                                           prettier/prettier
  430:13  warning  Delete `··`                                                                                                                                                                                                                           prettier/prettier
  431:1   warning  Delete `··`                                                                                                                                                                                                                           prettier/prettier
  432:11  warning  Delete `··`                                                                                                                                                                                                                           prettier/prettier
  433:1   warning  Delete `··`                                                                                                                                                                                                                           prettier/prettier
  434:1   warning  Replace `··············` with `············`                                                                                                                                                                                          prettier/prettier
  435:1   warning  Delete `··`                                                                                                                                                                                                                           prettier/prettier
  436:1   warning  Replace `··············` with `············`                                                                                                                                                                                          prettier/prettier
  437:11  warning  Delete `··`                                                                                                                                                                                                                           prettier/prettier
  438:1   warning  Delete `··`                                                                                                                                                                                                                           prettier/prettier
  439:11  warning  Delete `··`                                                                                                                                                                                                                           prettier/prettier
  440:1   warning  Delete `··`                                                                                                                                                                                                                           prettier/prettier

/Users/I584745/CODE/tools.sap.com/value-accelerator-client/client/src/valueAccelerator/Components/PublishDialog/usePublishDialogHelpers.tsx
  172:6  warning  React Hook useMemo has a missing dependency: 'publishedPackage?.id'. Either include it or remove the dependency array  react-hooks/exhaustive-deps

/Users/I584745/CODE/tools.sap.com/value-accelerator-client/client/src/valueAccelerator/Components/PublishDialog/usePublishDialogInit.tsx
  76:6  warning  React Hook useMemo has an unnecessary dependency: 'publishedPackage.imageUrl'. Either exclude it or remove the dependency array  react-hooks/exhaustive-deps

/Users/I584745/CODE/tools.sap.com/value-accelerator-client/client/src/valueAccelerator/Components/WizardContents/ExportSteps/AcceleratorDetailsForm/helpers/useDetailsStepHandler.ts
  4:3  warning  'ExportPackageSchema' is defined but never used  @typescript-eslint/no-unused-vars

/Users/I584745/CODE/tools.sap.com/value-accelerator-client/client/src/valueAccelerator/Components/WizardContents/ExportSteps/AcceleratorDetailsForm/index.tsx
  14:3  warning  'FioriInput' is defined but never used  @typescript-eslint/no-unused-vars

✖ 82 problems (0 errors, 82 warnings)
  0 errors and 60 warnings potentially fixable with the `--fix` option.
 @ http://localhost:3006/g/statics/suite-shell/static/js/7778.10f94e2f.js:478
[  302592ms] [WARNING] [HMR] Cannot apply update. Need to do a full reload! @ http://localhost:3006/g/statics/suite-shell/static/js/7778.10f94e2f.js:478
[  302592ms] [WARNING] [HMR] Error: Aborted because ./src/valueAccelerator/Components/ExportedTable/ExportedTable.tsx is not accepted
Update propagation: ./src/valueAccelerator/Components/ExportedTable/ExportedTable.tsx -> ./src/valueAccelerator/ExportedContainer/components/Content/Content.tsx -> ./src/valueAccelerator/LibraryContainer/CreatedAcceleratorsTab/CreatedAcceleratorsTab.tsx -> ./src/valueAccelerator/LibraryContainer/CreatedAcceleratorsTab/index.ts -> ./src/valueAccelerator/LibraryContainer/LibraryContainer.tsx -> ./src/valueAccelerator/LibraryContainer/index.ts -> ./src/modules/GalleryModule.tsx -> webpack/container/entry/valueAcceleratorMFE
    at applyHandler (http://localhost:3006/g/statics/val-client/static/js/remoteEntry.js?v=1787039933872:4934:31)
    at http://localhost:3006/g/statics/val-client/static/js/remoteEntry.js?v=1787039933872:4385:21
    at Array.map (<anonymous>)
    at internalApply (http://localhost:3006/g/statics/val-client/static/js/remoteEntry.js?v=1787039933872:4384:54)
    at http://localhost:3006/g/statics/val-client/static/js/remoteEntry.js?v=1787039933872:4355:26
    at waitForBlockingPromises (http://localhost:3006/g/statics/val-client/static/js/remoteEntry.js?v=1787039933872:4309:48)
    at http://localhost:3006/g/statics/val-client/static/js/remoteEntry.js?v=1787039933872:4353:24 @ http://localhost:3006/g/statics/suite-shell/static/js/7778.10f94e2f.js:478
[  302804ms] [ERROR] Failed to load resource: the server responded with a status of 404 (Not Found) @ http://localhost:3006/ruxitagentjs_ICA7NVfqrux_10339260603164134.js:0
[  302804ms] [ERROR] Refused to execute script from 'http://localhost:3006/ruxitagentjs_ICA7NVfqrux_10339260603164134.js' because its MIME type ('text/html') is not executable, and strict MIME type checking is enabled. @ http://localhost:3006/p/hub/val?tab=created:0
[  303448ms] [ERROR] Failed to load resource: the server responded with a status of 404 (Not Found) @ http://localhost:3006/spg/api/v1/fe6185009b4b4a718e88b5c22b766bc9/me:0
[  303583ms] [ERROR] Failed to load resource: the server responded with a status of 404 (Not Found) @ http://localhost:3006/g/api/tenant-service/v1/tenants/fe6185009b4b4a718e88b5c22b766bc9/mappings?type=signavio_to_btp_sub_account_id_process_analysis_and_mining:0
[  304154ms] [ERROR] Invalid Sentry Dsn: YOUR_SENTRY_DSN @ http://localhost:3006/g/statics/suite-shell/static/js/7778.10f94e2f.js:478
[  304160ms] [WARNING] [LaunchDarkly] The waitForInitialization function was called without a timeout specified. In a future version a default timeout will be applied. @ http://localhost:3006/g/statics/suite-shell/static/js/7778.10f94e2f.js:478
[  304205ms] [WARNING] Unsatisfied version 18.3.1 from shell of shared singleton module react-dom (required =18.2.0) @ http://localhost:3006/g/statics/suite-shell/static/js/7778.10f94e2f.js:478
[  304205ms] [WARNING] Unsatisfied version 18.3.1 from shell of shared singleton module react (required =18.2.0) @ http://localhost:3006/g/statics/suite-shell/static/js/7778.10f94e2f.js:478
[  304205ms] [WARNING] Unsatisfied version 7.18.2 from shell of shared singleton module react-router-dom (required ^6.16.0) @ http://localhost:3006/g/statics/suite-shell/static/js/7778.10f94e2f.js:478
[  304215ms] [WARNING] [webpack-dev-server] Warnings while compiling. @ http://localhost:3006/g/statics/suite-shell/static/js/7778.10f94e2f.js:478
[  304216ms] [WARNING] [webpack-dev-server] WARNING
DefinePlugin
Conflicting values for 'process.env' @ http://localhost:3006/g/statics/suite-shell/static/js/7778.10f94e2f.js:478
[  304216ms] [WARNING] [webpack-dev-server] WARNING
[eslint] 
/Users/I584745/CODE/tools.sap.com/value-accelerator-client/client/src/hooks/useDownloadCsv.ts
  46:5  warning  React Hook useCallback has a missing dependency: 'containerPage'. Either include it or remove the dependency array  react-hooks/exhaustive-deps
  57:5  warning  React Hook useCallback has a missing dependency: 'containerPage'. Either include it or remove the dependency array  react-hooks/exhaustive-deps

/Users/I584745/CODE/tools.sap.com/value-accelerator-client/client/src/hooks/useEditPublishPackage.ts
  100:25  warning  Unexpected string concatenation of literals  no-useless-concat
  100:50  warning  Unexpected string concatenation of literals  no-useless-concat

/Users/I584745/CODE/tools.sap.com/value-accelerator-client/client/src/hooks/useGetImportedPackage.ts
   30:9  warning  'client' is assigned a value but never used                                                                                                               @typescript-eslint/no-unused-vars
  220:6  warning  React Hook useEffect has missing dependencies: 'error', 'id', 'newImport?.name', and 'toastMutation'. Either include them or remove the dependency array  react-hooks/exhaustive-deps

/Users/I584745/CODE/tools.sap.com/value-accelerator-client/client/src/hooks/useGetIsExportAllowed.ts
  7:10  warning  'logger' is defined but never used  @typescript-eslint/no-unused-vars

/Users/I584745/CODE/tools.sap.com/value-accelerator-client/client/src/hooks/useGetUserWorkspaces.ts
  7:10  warning  'logger' is defined but never used  @typescript-eslint/no-unused-vars

/Users/I584745/CODE/tools.sap.com/value-accelerator-client/client/src/store/selectedTreeTableStore.ts
  5:10  warning  'ContentOverviewItem' is defined but never used  @typescript-eslint/no-unused-vars

/Users/I584745/CODE/tools.sap.com/value-accelerator-client/client/src/types/importTypes.ts
  95:13  warning  'DictionaryContent' is already defined  @typescript-eslint/no-redeclare

/Users/I584745/CODE/tools.sap.com/value-accelerator-client/client/src/valueAccelerator/Components/DependencyGraph/DependencyGraph.tsx
  133:6  warning  React Hook useMemo has an unnecessary dependency: 'checkedNodes'. Either exclude it or remove the dependency array  react-hooks/exhaustive-deps

/Users/I584745/CODE/tools.sap.com/value-accelerator-client/client/src/valueAccelerator/Components/ImportDetailsPanel/components/CustomizationsSection.tsx
  211:5  warning  'selectedName' is assigned a value but never used  @typescript-eslint/no-unused-vars

/Users/I584745/CODE/tools.sap.com/value-accelerator-client/client/src/valueAccelerator/Components/ImportDetailsPanel/components/useCustomizationSectionHelpers.ts
  429:6  warning  React Hook useEffect has a missing dependency: 'setShowTable'. Either include it or remove the dependency array. If 'setShowTable' changes too often, find the parent component that defines it and wrap that definition in useCallback  react-hooks/exhaustive-deps

/Users/I584745/CODE/tools.sap.com/value-accelerator-client/client/src/valueAccelerator/Components/ImportModal/components/SelectiveImport/SelectiveImportTreeTable.tsx
  995:33  warning  'subType' is assigned a value but never used  @typescript-eslint/no-unused-vars

/Users/I584745/CODE/tools.sap.com/value-accelerator-client/client/src/valueAccelerator/Components/ImportModal/components/SelectiveImport/TreeSearchBar.tsx
  46:6  warning  React Hook useCallback has a missing dependency: 'trackSearch'. Either include it or remove the dependency array  react-hooks/exhaustive-deps

/Users/I584745/CODE/tools.sap.com/value-accelerator-client/client/src/valueAccelerator/Components/ImportModal/helpers/useWorkspaceSelection.ts
  55:7  warning  React Hook useMemo has a complex expression in the dependency array. Extract it to a separate variable so it can be statically checked  react-hooks/exhaustive-deps
  56:7  warning  React Hook useMemo has a complex expression in the dependency array. Extract it to a separate variable so it can be statically checked  react-hooks/exhaustive-deps

/Users/I584745/CODE/tools.sap.com/value-accelerator-client/client/src/valueAccelerator/Components/ImportedPackagesTable/ImportedPackagesTable.tsx
  236:9   warning  The 'ActionsCellRow' function makes the dependencies of useMemo Hook (at line 349) change on every render. Move it inside the useMemo callback. Alternatively, wrap the definition of 'ActionsCellRow' in its own useCallback() Hook  react-hooks/exhaustive-deps
  379:11  warning  Delete `··`                                                                                                                                                                                                                           prettier/prettier
  380:11  warning  Delete `··`                                                                                                                                                                                                                           prettier/prettier
  381:1   warning  Replace `············` with `··········`                                                                                                                                                                                              prettier/prettier
  382:1   warning  Delete `··`                                                                                                                                                                                                                           prettier/prettier
  383:1   warning  Delete `··`                                                                                                                                                                                                                           prettier/prettier
  384:13  warning  Delete `··`                                                                                                                                                                                                                           prettier/prettier
  385:1   warning  Delete `··`                                                                                                                                                                                                                           prettier/prettier
  386:15  warning  Delete `··`                                                                                                                                                                                                                           prettier/prettier
  387:13  warning  Delete `··`                                                                                                                                                                                                                           prettier/prettier
  388:1   warning  Replace `············` with `··········`                                                                                                                                                                                              prettier/prettier
  389:1   warning  Delete `··`                                                                                                                                                                                                                           prettier/prettier
  390:1   warning  Delete `··`                                                                                                                                                                                                                           prettier/prettier
  392:13  warning  Delete `··`                                                                                                                                                                                                                           prettier/prettier
  393:1   warning  Delete `··`                                                                                                                                                                                                                           prettier/prettier
  394:17  warning  Delete `··`                                                                                                                                                                                                                           prettier/prettier
  395:1   warning  Delete `··`                                                                                                                                                                                                                           prettier/prettier
  396:15  warning  Delete `··`                                                                                                                                                                                                                           prettier/prettier
  397:1   warning  Delete `··`                                                                                                                                                                                                                           prettier/prettier
  398:1   warning  Replace `················` with `··············`                                                                                                                                                                                      prettier/prettier
  399:1   warning  Delete `··`                                                                                                                                                                                                                           prettier/prettier
  400:1   warning  Delete `··`                                                                                                                                                                                                                           prettier/prettier
  401:15  warning  Delete `··`                                                                                                                                                                                                                           prettier/prettier
  402:13  warning  Delete `··`                                                                                                                                                                                                                           prettier/prettier
  403:1   warning  Replace `············` with `··········`                                                                                                                                                                                              prettier/prettier
  404:1   warning  Delete `··`                                                                                                                                                                                                                           prettier/prettier
  405:11  warning  Delete `··`                                                                                                                                                                                                                           prettier/prettier
  406:11  warning  Delete `··`                                                                                                                                                                                                                           prettier/prettier
  407:1   warning  Delete `··`                                                                                                                                                                                                                           prettier/prettier
  408:11  warning  Delete `··`                                                                                                                                                                                                                           prettier/prettier
  409:1   warning  Delete `··`                                                                                                                                                                                                                           prettier/prettier
  410:1   warning  Replace `············` with `··········`                                                                                                                                                                                              prettier/prettier
  411:1   warning  Delete `··`                                                                                                                                                                                                                           prettier/prettier
  412:1   warning  Replace `················` with `··············`                                                                                                                                                                                      prettier/prettier
  413:1   warning  Replace `····················[packages.findIndex(⏎······················(p)·=>·p.importId·===·selectedImportId` with `··················[packages.findIndex((p)·=>·p.importId·===·selectedImportId)]:`                                prettier/prettier
  415:20  warning  Delete `·)]:`                                                                                                                                                                                                                         prettier/prettier
  416:17  warning  Delete `··`                                                                                                                                                                                                                           prettier/prettier
  417:1   warning  Delete `··`                                                                                                                                                                                                                           prettier/prettier
  418:11  warning  Delete `··`                                                                                                                                                                                                                           prettier/prettier
  419:1   warning  Delete `··`                                                                                                                                                                                                                           prettier/prettier
  420:1   warning  Replace `············` with `··········`                                                                                                                                                                                              prettier/prettier
  421:13  warning  Delete `··`                                                                                                                                                                                                                           prettier/prettier
  422:1   warning  Replace `············` with `··········`                                                                                                                                                                                              prettier/prettier
  423:1   warning  Delete `··`                                                                                                                                                                                                                           prettier/prettier
  424:1   warning  Delete `··`                                                                                                                                                                                                                           prettier/prettier
  425:11  warning  Delete `··`                                                                                                                                                                                                                           prettier/prettier
  426:1   warning  Delete `··`                                                                                                                                                                                                                           prettier/prettier
  427:1   warning  Replace `··············` with `············`                                                                                                                                                                                          prettier/prettier
  428:15  warning  Delete `··`                                                                                                                                                                                                                           prettier/prettier
  429:1   warning  Delete `··`                                                                                                                                                                                                                           prettier/prettier
  430:13  warning  Delete `··`                                                                                                                                                                                                                           prettier/prettier
  431:1   warning  Delete `··`                                                                                                                                                                                                                           prettier/prettier
  432:11  warning  Delete `··`                                                                                                                                                                                                                           prettier/prettier
  433:1   warning  Delete `··`                                                                                                                                                                                                                           prettier/prettier
  434:1   warning  Replace `··············` with `············`                                                                                                                                                                                          prettier/prettier
  435:1   warning  Delete `··`                                                                                                                                                                                                                           prettier/prettier
  436:1   warning  Replace `··············` with `············`                                                                                                                                                                                          prettier/prettier
  437:11  warning  Delete `··`                                                                                                                                                                                                                           prettier/prettier
  438:1   warning  Delete `··`                                                                                                                                                                                                                           prettier/prettier
  439:11  warning  Delete `··`                                                                                                                                                                                                                           prettier/prettier
  440:1   warning  Delete `··`                                                                                                                                                                                                                           prettier/prettier

/Users/I584745/CODE/tools.sap.com/value-accelerator-client/client/src/valueAccelerator/Components/PublishDialog/usePublishDialogHelpers.tsx
  172:6  warning  React Hook useMemo has a missing dependency: 'publishedPackage?.id'. Either include it or remove the dependency array  react-hooks/exhaustive-deps

/Users/I584745/CODE/tools.sap.com/value-accelerator-client/client/src/valueAccelerator/Components/PublishDialog/usePublishDialogInit.tsx
  76:6  warning  React Hook useMemo has an unnecessary dependency: 'publishedPackage.imageUrl'. Either exclude it or remove the dependency array  react-hooks/exhaustive-deps

/Users/I584745/CODE/tools.sap.com/value-accelerator-client/client/src/valueAccelerator/Components/WizardContents/ExportSteps/AcceleratorDetailsForm/helpers/useDetailsStepHandler.ts
  4:3  warning  'ExportPackageSchema' is defined but never used  @typescript-eslint/no-unused-vars

/Users/I584745/CODE/tools.sap.com/value-accelerator-client/client/src/valueAccelerator/Components/WizardContents/ExportSteps/AcceleratorDetailsForm/index.tsx
  14:3  warning  'FioriInput' is defined but never used  @typescript-eslint/no-unused-vars

✖ 82 problems (0 errors, 82 warnings)
  0 errors and 60 warnings potentially fixable with the `--fix` option.
 @ http://localhost:3006/g/statics/suite-shell/static/js/7778.10f94e2f.js:478
[  304715ms] [WARNING] Lit is in dev mode. Not recommended for production! See https://lit.dev/msg/dev-mode for more information. @ http://localhost:3006/g/statics/suite-shell/static/js/7778.10f94e2f.js:478
[  304715ms] [WARNING] Multiple versions of Lit loaded. Loading multiple versions is not recommended. See https://lit.dev/msg/multiple-versions for more information. @ http://localhost:3006/g/statics/suite-shell/static/js/7778.10f94e2f.js:478
[  316296ms] [WARNING] [webpack-dev-server] Warnings while compiling. @ http://localhost:3006/g/statics/suite-shell/static/js/7778.10f94e2f.js:478
[  316297ms] [WARNING] [webpack-dev-server] WARNING
DefinePlugin
Conflicting values for 'process.env' @ http://localhost:3006/g/statics/suite-shell/static/js/7778.10f94e2f.js:478
[  316298ms] [WARNING] [webpack-dev-server] WARNING
[eslint] 
/Users/I584745/CODE/tools.sap.com/value-accelerator-client/client/src/hooks/useDownloadCsv.ts
  46:5  warning  React Hook useCallback has a missing dependency: 'containerPage'. Either include it or remove the dependency array  react-hooks/exhaustive-deps
  57:5  warning  React Hook useCallback has a missing dependency: 'containerPage'. Either include it or remove the dependency array  react-hooks/exhaustive-deps

/Users/I584745/CODE/tools.sap.com/value-accelerator-client/client/src/hooks/useEditPublishPackage.ts
  100:25  warning  Unexpected string concatenation of literals  no-useless-concat
  100:50  warning  Unexpected string concatenation of literals  no-useless-concat

/Users/I584745/CODE/tools.sap.com/value-accelerator-client/client/src/hooks/useGetImportedPackage.ts
   30:9  warning  'client' is assigned a value but never used                                                                                                               @typescript-eslint/no-unused-vars
  220:6  warning  React Hook useEffect has missing dependencies: 'error', 'id', 'newImport?.name', and 'toastMutation'. Either include them or remove the dependency array  react-hooks/exhaustive-deps

/Users/I584745/CODE/tools.sap.com/value-accelerator-client/client/src/hooks/useGetIsExportAllowed.ts
  7:10  warning  'logger' is defined but never used  @typescript-eslint/no-unused-vars

/Users/I584745/CODE/tools.sap.com/value-accelerator-client/client/src/hooks/useGetUserWorkspaces.ts
  7:10  warning  'logger' is defined but never used  @typescript-eslint/no-unused-vars

/Users/I584745/CODE/tools.sap.com/value-accelerator-client/client/src/store/selectedTreeTableStore.ts
  5:10  warning  'ContentOverviewItem' is defined but never used  @typescript-eslint/no-unused-vars

/Users/I584745/CODE/tools.sap.com/value-accelerator-client/client/src/types/importTypes.ts
  95:13  warning  'DictionaryContent' is already defined  @typescript-eslint/no-redeclare

/Users/I584745/CODE/tools.sap.com/value-accelerator-client/client/src/valueAccelerator/Components/DependencyGraph/DependencyGraph.tsx
  133:6  warning  React Hook useMemo has an unnecessary dependency: 'checkedNodes'. Either exclude it or remove the dependency array  react-hooks/exhaustive-deps

/Users/I584745/CODE/tools.sap.com/value-accelerator-client/client/src/valueAccelerator/Components/ImportDetailsPanel/components/CustomizationsSection.tsx
  211:5  warning  'selectedName' is assigned a value but never used  @typescript-eslint/no-unused-vars

/Users/I584745/CODE/tools.sap.com/value-accelerator-client/client/src/valueAccelerator/Components/ImportDetailsPanel/components/useCustomizationSectionHelpers.ts
  429:6  warning  React Hook useEffect has a missing dependency: 'setShowTable'. Either include it or remove the dependency array. If 'setShowTable' changes too often, find the parent component that defines it and wrap that definition in useCallback  react-hooks/exhaustive-deps

/Users/I584745/CODE/tools.sap.com/value-accelerator-client/client/src/valueAccelerator/Components/ImportModal/components/SelectiveImport/SelectiveImportTreeTable.tsx
  995:33  warning  'subType' is assigned a value but never used  @typescript-eslint/no-unused-vars

/Users/I584745/CODE/tools.sap.com/value-accelerator-client/client/src/valueAccelerator/Components/ImportModal/components/SelectiveImport/TreeSearchBar.tsx
  46:6  warning  React Hook useCallback has a missing dependency: 'trackSearch'. Either include it or remove the dependency array  react-hooks/exhaustive-deps

/Users/I584745/CODE/tools.sap.com/value-accelerator-client/client/src/valueAccelerator/Components/ImportModal/helpers/useWorkspaceSelection.ts
  55:7  warning  React Hook useMemo has a complex expression in the dependency array. Extract it to a separate variable so it can be statically checked  react-hooks/exhaustive-deps
  56:7  warning  React Hook useMemo has a complex expression in the dependency array. Extract it to a separate variable so it can be statically checked  react-hooks/exhaustive-deps

/Users/I584745/CODE/tools.sap.com/value-accelerator-client/client/src/valueAccelerator/Components/ImportedPackagesTable/ImportedPackagesTable.tsx
  236:9   warning  The 'ActionsCellRow' function makes the dependencies of useMemo Hook (at line 349) change on every render. Move it inside the useMemo callback. Alternatively, wrap the definition of 'ActionsCellRow' in its own useCallback() Hook  react-hooks/exhaustive-deps
  379:11  warning  Delete `··`                                                                                                                                                                                                                           prettier/prettier
  380:11  warning  Delete `··`                                                                                                                                                                                                                           prettier/prettier
  381:1   warning  Replace `············` with `··········`                                                                                                                                                                                              prettier/prettier
  382:1   warning  Delete `··`                                                                                                                                                                                                                           prettier/prettier
  383:1   warning  Delete `··`                                                                                                                                                                                                                           prettier/prettier
  384:13  warning  Delete `··`                                                                                                                                                                                                                           prettier/prettier
  385:1   warning  Delete `··`                                                                                                                                                                                                                           prettier/prettier
  386:15  warning  Delete `··`                                                                                                                                                                                                                           prettier/prettier
  387:13  warning  Delete `··`                                                                                                                                                                                                                           prettier/prettier
  388:1   warning  Replace `············` with `··········`                                                                                                                                                                                              prettier/prettier
  389:1   warning  Delete `··`                                                                                                                                                                                                                           prettier/prettier
  390:1   warning  Delete `··`                                                                                                                                                                                                                           prettier/prettier
  392:13  warning  Delete `··`                                                                                                                                                                                                                           prettier/prettier
  393:1   warning  Delete `··`                                                                                                                                                                                                                           prettier/prettier
  394:17  warning  Delete `··`                                                                                                                                                                                                                           prettier/prettier
  395:1   warning  Delete `··`                                                                                                                                                                                                                           prettier/prettier
  396:15  warning  Delete `··`                                                                                                                                                                                                                           prettier/prettier
  397:1   warning  Delete `··`                                                                                                                                                                                                                           prettier/prettier
  398:1   warning  Replace `················` with `··············`                                                                                                                                                                                      prettier/prettier
  399:1   warning  Delete `··`                                                                                                                                                                                                                           prettier/prettier
  400:1   warning  Delete `··`                                                                                                                                                                                                                           prettier/prettier
  401:15  warning  Delete `··`                                                                                                                                                                                                                           prettier/prettier
  402:13  warning  Delete `··`                                                                                                                                                                                                                           prettier/prettier
  403:1   warning  Replace `············` with `··········`                                                                                                                                                                                              prettier/prettier
  404:1   warning  Delete `··`                                                                                                                                                                                                                           prettier/prettier
  405:11  warning  Delete `··`                                                                                                                                                                                                                           prettier/prettier
  406:11  warning  Delete `··`                                                                                                                                                                                                                           prettier/prettier
  407:1   warning  Delete `··`                                                                                                                                                                                                                           prettier/prettier
  408:11  warning  Delete `··`                                                                                                                                                                                                                           prettier/prettier
  409:1   warning  Delete `··`                                                                                                                                                                                                                           prettier/prettier
  410:1   warning  Replace `············` with `··········`                                                                                                                                                                                              prettier/prettier
  411:1   warning  Delete `··`                                                                                                                                                                                                                           prettier/prettier
  412:1   warning  Replace `················` with `··············`                                                                                                                                                                                      prettier/prettier
  413:1   warning  Replace `····················[packages.findIndex(⏎······················(p)·=>·p.importId·===·selectedImportId` with `··················[packages.findIndex((p)·=>·p.importId·===·selectedImportId)]:`                                prettier/prettier
  415:20  warning  Delete `·)]:`                                                                                                                                                                                                                         prettier/prettier
  416:17  warning  Delete `··`                                                                                                                                                                                                                           prettier/prettier
  417:1   warning  Delete `··`                                                                                                                                                                                                                           prettier/prettier
  418:11  warning  Delete `··`                                                                                                                                                                                                                           prettier/prettier
  419:1   warning  Delete `··`                                                                                                                                                                                                                           prettier/prettier
  420:1   warning  Replace `············` with `··········`                                                                                                                                                                                              prettier/prettier
  421:13  warning  Delete `··`                                                                                                                                                                                                                           prettier/prettier
  422:1   warning  Replace `············` with `··········`                                                                                                                                                                                              prettier/prettier
  423:1   warning  Delete `··`                                                                                                                                                                                                                           prettier/prettier
  424:1   warning  Delete `··`                                                                                                                                                                                                                           prettier/prettier
  425:11  warning  Delete `··`                                                                                                                                                                                                                           prettier/prettier
  426:1   warning  Delete `··`                                                                                                                                                                                                                           prettier/prettier
  427:1   warning  Replace `··············` with `············`                                                                                                                                                                                          prettier/prettier
  428:15  warning  Delete `··`                                                                                                                                                                                                                           prettier/prettier
  429:1   warning  Delete `··`                                                                                                                                                                                                                           prettier/prettier
  430:13  warning  Delete `··`                                                                                                                                                                                                                           prettier/prettier
  431:1   warning  Delete `··`                                                                                                                                                                                                                           prettier/prettier
  432:11  warning  Delete `··`                                                                                                                                                                                                                           prettier/prettier
  433:1   warning  Delete `··`                                                                                                                                                                                                                           prettier/prettier
  434:1   warning  Replace `··············` with `············`                                                                                                                                                                                          prettier/prettier
  435:1   warning  Delete `··`                                                                                                                                                                                                                           prettier/prettier
  436:1   warning  Replace `··············` with `············`                                                                                                                                                                                          prettier/prettier
  437:11  warning  Delete `··`                                                                                                                                                                                                                           prettier/prettier
  438:1   warning  Delete `··`                                                                                                                                                                                                                           prettier/prettier
  439:11  warning  Delete `··`                                                                                                                                                                                                                           prettier/prettier
  440:1   warning  Delete `··`                                                                                                                                                                                                                           prettier/prettier

/Users/I584745/CODE/tools.sap.com/value-accelerator-client/client/src/valueAccelerator/Components/PublishDialog/usePublishDialogHelpers.tsx
  172:6  warning  React Hook useMemo has a missing dependency: 'publishedPackage?.id'. Either include it or remove the dependency array  react-hooks/exhaustive-deps

/Users/I584745/CODE/tools.sap.com/value-accelerator-client/client/src/valueAccelerator/Components/PublishDialog/usePublishDialogInit.tsx
  76:6  warning  React Hook useMemo has an unnecessary dependency: 'publishedPackage.imageUrl'. Either exclude it or remove the dependency array  react-hooks/exhaustive-deps

/Users/I584745/CODE/tools.sap.com/value-accelerator-client/client/src/valueAccelerator/Components/WizardContents/ExportSteps/AcceleratorDetailsForm/helpers/useDetailsStepHandler.ts
  4:3  warning  'ExportPackageSchema' is defined but never used  @typescript-eslint/no-unused-vars

/Users/I584745/CODE/tools.sap.com/value-accelerator-client/client/src/valueAccelerator/Components/WizardContents/ExportSteps/AcceleratorDetailsForm/index.tsx
  14:3  warning  'FioriInput' is defined but never used  @typescript-eslint/no-unused-vars

✖ 82 problems (0 errors, 82 warnings)
  0 errors and 60 warnings potentially fixable with the `--fix` option.
 @ http://localhost:3006/g/statics/suite-shell/static/js/7778.10f94e2f.js:478
[  316302ms] [ERROR] [webpack-dev-server] Errors while compiling. Reload prevented. @ http://localhost:3006/g/statics/suite-shell/static/js/7778.10f94e2f.js:478
[  316302ms] [ERROR] [webpack-dev-server] ERROR in ./src/valueAccelerator/Components/ExportedTable/ExportedTable.tsx
Module build failed (from ./node_modules/babel-loader/lib/index.js):
SyntaxError: /Users/I584745/CODE/tools.sap.com/value-accelerator-client/client/src/valueAccelerator/Components/ExportedTable/ExportedTable.tsx: Expected corresponding JSX closing tag for <>. (536:12)

  534 |                 filterable={filterEnabled}
  535 |               />
> 536 |             </div>
      |             ^
  537 |
  538 |             <>
  539 |               <ImportMessageBox
    at constructor (/Users/I584745/CODE/tools.sap.com/value-accelerator-client/client/node_modules/@babel/parser/lib/index.js:365:19)
    at TypeScriptParserMixin.raise (/Users/I584745/CODE/tools.sap.com/value-accelerator-client/client/node_modules/@babel/parser/lib/index.js:6616:19)
    at TypeScriptParserMixin.jsxParseElementAt (/Users/I584745/CODE/tools.sap.com/value-accelerator-client/client/node_modules/@babel/parser/lib/index.js:4732:14)
    at TypeScriptParserMixin.jsxParseElement (/Users/I584745/CODE/tools.sap.com/value-accelerator-client/client/node_modules/@babel/parser/lib/index.js:4761:17)
    at TypeScriptParserMixin.parseExprAtom (/Users/I584745/CODE/tools.sap.com/value-accelerator-client/client/node_modules/@babel/parser/lib/index.js:4771:19)
    at TypeScriptParserMixin.parseExprSubscripts (/Users/I584745/CODE/tools.sap.com/value-accelerator-client/client/node_modules/@babel/parser/lib/index.js:11098:23)
    at TypeScriptParserMixin.parseUpdate (/Users/I584745/CODE/tools.sap.com/value-accelerator-client/client/node_modules/@babel/parser/lib/index.js:11083:21)
    at TypeScriptParserMixin.parseMaybeUnary (/Users/I584745/CODE/tools.sap.com/value-accelerator-client/client/node_modules/@babel/parser/lib/index.js:11063:23)
    at TypeScriptParserMixin.parseMaybeUnary (/Users/I584745/CODE/tools.sap.com/value-accelerator-client/client/node_modules/@babel/parser/lib/index.js:9854:18)
    at TypeScriptParserMixin.parseMaybeUnaryOrPrivate (/Users/I584745/CODE/tools.sap.com/value-accelerator-client/client/node_modules/@babel/parser/lib/index.js:10916:61)
    at TypeScriptParserMixin.parseExprOps (/Users/I584745/CODE/tools.sap.com/value-accelerator-client/client/node_modules/@babel/parser/lib/index.js:10921:23)
    at TypeScriptParserMixin.parseMaybeConditional (/Users/I584745/CODE/tools.sap.com/value-accelerator-client/client/node_modules/@babel/parser/lib/index.js:10898:23)
    at TypeScriptParserMixin.parseMaybeAssign (/Users/I584745/CODE/tools.sap.com/value-accelerator-client/client/node_modules/@babel/parser/lib/index.js:10848:21)
    at /Users/I584745/CODE/tools.sap.com/value-accelerator-client/client/node_modules/@babel/parser/lib/index.js:9792:39
    at TypeScriptParserMixin.tryParse (/Users/I584745/CODE/tools.sap.com/value-accelerator-client/client/node_modules/@babel/parser/lib/index.js:6924:20)
    at TypeScriptParserMixin.parseMaybeAssign (/Users/I584745/CODE/tools.sap.com/value-accelerator-client/client/node_modules/@babel/parser/lib/index.js:9792:18)
    at /Users/I584745/CODE/tools.sap.com/value-accelerator-client/client/node_modules/@babel/parser/lib/index.js:10817:39
    at TypeScriptParserMixin.allowInAnd (/Users/I584745/CODE/tools.sap.com/value-accelerator-client/client/node_modules/@babel/parser/lib/index.js:12443:12)
    at TypeScriptParserMixin.parseMaybeAssignAllowIn (/Users/I584745/CODE/tools.sap.com/value-accelerator-client/client/node_modules/@babel/parser/lib/index.js:10817:17)
    at TypeScriptParserMixin.parseMaybeAssignAllowInOrVoidPattern (/Users/I584745/CODE/tools.sap.com/value-accelerator-client/client/node_modules/@babel/parser/lib/index.js:12510:17)
    at TypeScriptParserMixin.parseParenAndDistinguishExpression (/Users/I584745/CODE/tools.sap.com/value-accelerator-client/client/node_modules/@babel/parser/lib/index.js:11692:28)
    at TypeScriptParserMixin.parseExprAtom (/Users/I584745/CODE/tools.sap.com/value-accelerator-client/client/node_modules/@babel/parser/lib/index.js:11348:23)
    at TypeScriptParserMixin.parseExprAtom (/Users/I584745/CODE/tools.sap.com/value-accelerator-client/client/node_modules/@babel/parser/lib/index.js:4776:20)
    at TypeScriptParserMixin.parseExprSubscripts (/Users/I584745/CODE/tools.sap.com/value-accelerator-client/client/node_modules/@babel/parser/lib/index.js:11098:23)
    at TypeScriptParserMixin.parseUpdate (/Users/I584745/CODE/tools.sap.com/value-accelerator-client/client/node_modules/@babel/parser/lib/index.js:11083:21)
    at TypeScriptParserMixin.parseMaybeUnary (/Users/I584745/CODE/tools.sap.com/value-accelerator-client/client/node_modules/@babel/parser/lib/index.js:11063:23)
    at TypeScriptParserMixin.parseMaybeUnary (/Users/I584745/CODE/tools.sap.com/value-accelerator-client/client/node_modules/@babel/parser/lib/index.js:9854:18)
    at TypeScriptParserMixin.parseMaybeUnaryOrPrivate (/Users/I584745/CODE/tools.sap.com/value-accelerator-client/client/node_modules/@babel/parser/lib/index.js:10916:61)
    at TypeScriptParserMixin.parseExprOps (/Users/I584745/CODE/tools.sap.com/value-accelerator-client/client/node_modules/@babel/parser/lib/index.js:10921:23)
    at TypeScriptParserMixin.parseMaybeConditional (/Users/I584745/CODE/tools.sap.com/value-accelerator-client/client/node_modules/@babel/parser/lib/index.js:10898:23)
    at TypeScriptParserMixin.parseMaybeAssign (/Users/I584745/CODE/tools.sap.com/value-accelerator-client/client/node_modules/@babel/parser/lib/index.js:10848:21)
    at TypeScriptParserMixin.parseMaybeAssign (/Users/I584745/CODE/tools.sap.com/value-accelerator-client/client/node_modules/@babel/parser/lib/index.js:9803:20)
    at TypeScriptParserMixin.parseConditional (/Users/I584745/CODE/tools.sap.com/value-accelerator-client/client/node_modules/@babel/parser/lib/index.js:10910:29)
    at TypeScriptParserMixin.parseConditional (/Users/I584745/CODE/tools.sap.com/value-accelerator-client/client/node_modules/@babel/parser/lib/index.js:9620:18)
    at TypeScriptParserMixin.parseMaybeConditional (/Users/I584745/CODE/tools.sap.com/value-accelerator-client/client/node_modules/@babel/parser/lib/index.js:10902:17)
    at TypeScriptParserMixin.parseMaybeAssign (/Users/I584745/CODE/tools.sap.com/value-accelerator-client/client/node_modules/@babel/parser/lib/index.js:10848:21)
    at TypeScriptParserMixin.parseMaybeAssign (/Users/I584745/CODE/tools.sap.com/value-accelerator-client/client/node_modules/@babel/parser/lib/index.js:9803:20)
    at TypeScriptParserMixin.parseExpressionBase (/Users/I584745/CODE/tools.sap.com/value-accelerator-client/client/node_modules/@babel/parser/lib/index.js:10801:23)
    at /Users/I584745/CODE/tools.sap.com/value-accelerator-client/client/node_modules/@babel/parser/lib/index.js:10797:39
    at TypeScriptParserMixin.allowInAnd (/Users/I584745/CODE/tools.sap.com/value-accelerator-client/client/node_modules/@babel/parser/lib/index.js:12443:12)
    at TypeScriptParserMixin.parseExpression (/Users/I584745/CODE/tools.sap.com/value-accelerator-client/client/node_modules/@babel/parser/lib/index.js:10797:17)
    at TypeScriptParserMixin.jsxParseExpressionContainer (/Users/I584745/CODE/tools.sap.com/value-accelerator-client/client/node_modules/@babel/parser/lib/index.js:4644:31)
    at TypeScriptParserMixin.jsxParseElementAt (/Users/I584745/CODE/tools.sap.com/value-accelerator-client/client/node_modules/@babel/parser/lib/index.js:4723:36)
    at TypeScriptParserMixin.jsxParseElementAt (/Users/I584745/CODE/tools.sap.com/value-accelerator-client/client/node_modules/@babel/parser/lib/index.js:4710:32)
    at TypeScriptParserMixin.jsxParseElement (/Users/I584745/CODE/tools.sap.com/value-accelerator-client/client/node_modules/@babel/parser/lib/index.js:4761:17)
    at TypeScriptParserMixin.parseExprAtom (/Users/I584745/CODE/tools.sap.com/value-accelerator-client/client/node_modules/@babel/parser/lib/index.js:4771:19)
    at TypeScriptParserMixin.parseExprSubscripts (/Users/I584745/CODE/tools.sap.com/value-accelerator-client/client/node_modules/@babel/parser/lib/index.js:11098:23)
    at TypeScriptParserMixin.parseUpdate (/Users/I584745/CODE/tools.sap.com/value-accelerator-client/client/node_modules/@babel/parser/lib/index.js:11083:21)
    at TypeScriptParserMixin.parseMaybeUnary (/Users/I584745/CODE/tools.sap.com/value-accelerator-client/client/node_modules/@babel/parser/lib/index.js:11063:23)
    at TypeScriptParserMixin.parseMaybeUnary (/Users/I584745/CODE/tools.sap.com/value-accelerator-client/client/node_modules/@babel/parser/lib/index.js:9854:18) @ http://localhost:3006/g/statics/suite-shell/static/js/7778.10f94e2f.js:478
[  316303ms] [ERROR] [webpack-dev-server] ERROR
[eslint] 
/Users/I584745/CODE/tools.sap.com/value-accelerator-client/client/src/valueAccelerator/Components/ExportedTable/ExportedTable.tsx
  536:14  error  Parsing error: Expected corresponding closing tag for JSX fragment

✖ 1 problem (1 error, 0 warnings)
 @ http://localhost:3006/g/statics/suite-shell/static/js/7778.10f94e2f.js:478
[  316751ms] [WARNING] [webpack-dev-server] Warnings while compiling. @ http://localhost:3006/g/statics/suite-shell/static/js/7778.10f94e2f.js:478
[  316751ms] [WARNING] [webpack-dev-server] WARNING
DefinePlugin
Conflicting values for 'process.env' @ http://localhost:3006/g/statics/suite-shell/static/js/7778.10f94e2f.js:478
[  316752ms] [WARNING] [webpack-dev-server] WARNING
[eslint] 
/Users/I584745/CODE/tools.sap.com/value-accelerator-client/client/src/hooks/useDownloadCsv.ts
  46:5  warning  React Hook useCallback has a missing dependency: 'containerPage'. Either include it or remove the dependency array  react-hooks/exhaustive-deps
  57:5  warning  React Hook useCallback has a missing dependency: 'containerPage'. Either include it or remove the dependency array  react-hooks/exhaustive-deps

/Users/I584745/CODE/tools.sap.com/value-accelerator-client/client/src/hooks/useEditPublishPackage.ts
  100:25  warning  Unexpected string concatenation of literals  no-useless-concat
  100:50  warning  Unexpected string concatenation of literals  no-useless-concat

/Users/I584745/CODE/tools.sap.com/value-accelerator-client/client/src/hooks/useGetImportedPackage.ts
   30:9  warning  'client' is assigned a value but never used                                                                                                               @typescript-eslint/no-unused-vars
  220:6  warning  React Hook useEffect has missing dependencies: 'error', 'id', 'newImport?.name', and 'toastMutation'. Either include them or remove the dependency array  react-hooks/exhaustive-deps

/Users/I584745/CODE/tools.sap.com/value-accelerator-client/client/src/hooks/useGetIsExportAllowed.ts
  7:10  warning  'logger' is defined but never used  @typescript-eslint/no-unused-vars

/Users/I584745/CODE/tools.sap.com/value-accelerator-client/client/src/hooks/useGetUserWorkspaces.ts
  7:10  warning  'logger' is defined but never used  @typescript-eslint/no-unused-vars

/Users/I584745/CODE/tools.sap.com/value-accelerator-client/client/src/store/selectedTreeTableStore.ts
  5:10  warning  'ContentOverviewItem' is defined but never used  @typescript-eslint/no-unused-vars

/Users/I584745/CODE/tools.sap.com/value-accelerator-client/client/src/types/importTypes.ts
  95:13  warning  'DictionaryContent' is already defined  @typescript-eslint/no-redeclare

/Users/I584745/CODE/tools.sap.com/value-accelerator-client/client/src/valueAccelerator/Components/DependencyGraph/DependencyGraph.tsx
  133:6  warning  React Hook useMemo has an unnecessary dependency: 'checkedNodes'. Either exclude it or remove the dependency array  react-hooks/exhaustive-deps

/Users/I584745/CODE/tools.sap.com/value-accelerator-client/client/src/valueAccelerator/Components/ImportDetailsPanel/components/CustomizationsSection.tsx
  211:5  warning  'selectedName' is assigned a value but never used  @typescript-eslint/no-unused-vars

/Users/I584745/CODE/tools.sap.com/value-accelerator-client/client/src/valueAccelerator/Components/ImportDetailsPanel/components/useCustomizationSectionHelpers.ts
  429:6  warning  React Hook useEffect has a missing dependency: 'setShowTable'. Either include it or remove the dependency array. If 'setShowTable' changes too often, find the parent component that defines it and wrap that definition in useCallback  react-hooks/exhaustive-deps

/Users/I584745/CODE/tools.sap.com/value-accelerator-client/client/src/valueAccelerator/Components/ImportModal/components/SelectiveImport/SelectiveImportTreeTable.tsx
  995:33  warning  'subType' is assigned a value but never used  @typescript-eslint/no-unused-vars

/Users/I584745/CODE/tools.sap.com/value-accelerator-client/client/src/valueAccelerator/Components/ImportModal/components/SelectiveImport/TreeSearchBar.tsx
  46:6  warning  React Hook useCallback has a missing dependency: 'trackSearch'. Either include it or remove the dependency array  react-hooks/exhaustive-deps

/Users/I584745/CODE/tools.sap.com/value-accelerator-client/client/src/valueAccelerator/Components/ImportModal/helpers/useWorkspaceSelection.ts
  55:7  warning  React Hook useMemo has a complex expression in the dependency array. Extract it to a separate variable so it can be statically checked  react-hooks/exhaustive-deps
  56:7  warning  React Hook useMemo has a complex expression in the dependency array. Extract it to a separate variable so it can be statically checked  react-hooks/exhaustive-deps

/Users/I584745/CODE/tools.sap.com/value-accelerator-client/client/src/valueAccelerator/Components/ImportedPackagesTable/ImportedPackagesTable.tsx
  236:9   warning  The 'ActionsCellRow' function makes the dependencies of useMemo Hook (at line 349) change on every render. Move it inside the useMemo callback. Alternatively, wrap the definition of 'ActionsCellRow' in its own useCallback() Hook  react-hooks/exhaustive-deps
  379:11  warning  Delete `··`                                                                                                                                                                                                                           prettier/prettier
  380:11  warning  Delete `··`                                                                                                                                                                                                                           prettier/prettier
  381:1   warning  Replace `············` with `··········`                                                                                                                                                                                              prettier/prettier
  382:1   warning  Delete `··`                                                                                                                                                                                                                           prettier/prettier
  383:1   warning  Delete `··`                                                                                                                                                                                                                           prettier/prettier
  384:13  warning  Delete `··`                                                                                                                                                                                                                           prettier/prettier
  385:1   warning  Delete `··`                                                                                                                                                                                                                           prettier/prettier
  386:15  warning  Delete `··`                                                                                                                                                                                                                           prettier/prettier
  387:13  warning  Delete `··`                                                                                                                                                                                                                           prettier/prettier
  388:1   warning  Replace `············` with `··········`                                                                                                                                                                                              prettier/prettier
  389:1   warning  Delete `··`                                                                                                                                                                                                                           prettier/prettier
  390:1   warning  Delete `··`                                                                                                                                                                                                                           prettier/prettier
  392:13  warning  Delete `··`                                                                                                                                                                                                                           prettier/prettier
  393:1   warning  Delete `··`                                                                                                                                                                                                                           prettier/prettier
  394:17  warning  Delete `··`                                                                                                                                                                                                                           prettier/prettier
  395:1   warning  Delete `··`                                                                                                                                                                                                                           prettier/prettier
  396:15  warning  Delete `··`                                                                                                                                                                                                                           prettier/prettier
  397:1   warning  Delete `··`                                                                                                                                                                                                                           prettier/prettier
  398:1   warning  Replace `················` with `··············`                                                                                                                                                                                      prettier/prettier
  399:1   warning  Delete `··`                                                                                                                                                                                                                           prettier/prettier
  400:1   warning  Delete `··`                                                                                                                                                                                                                           prettier/prettier
  401:15  warning  Delete `··`                                                                                                                                                                                                                           prettier/prettier
  402:13  warning  Delete `··`                                                                                                                                                                                                                           prettier/prettier
  403:1   warning  Replace `············` with `··········`                                                                                                                                                                                              prettier/prettier
  404:1   warning  Delete `··`                                                                                                                                                                                                                           prettier/prettier
  405:11  warning  Delete `··`                                                                                                                                                                                                                           prettier/prettier
  406:11  warning  Delete `··`                                                                                                                                                                                                                           prettier/prettier
  407:1   warning  Delete `··`                                                                                                                                                                                                                           prettier/prettier
  408:11  warning  Delete `··`                                                                                                                                                                                                                           prettier/prettier
  409:1   warning  Delete `··`                                                                                                                                                                                                                           prettier/prettier
  410:1   warning  Replace `············` with `··········`                                                                                                                                                                                              prettier/prettier
  411:1   warning  Delete `··`                                                                                                                                                                                                                           prettier/prettier
  412:1   warning  Replace `················` with `··············`                                                                                                                                                                                      prettier/prettier
  413:1   warning  Replace `····················[packages.findIndex(⏎······················(p)·=>·p.importId·===·selectedImportId` with `··················[packages.findIndex((p)·=>·p.importId·===·selectedImportId)]:`                                prettier/prettier
  415:20  warning  Delete `·)]:`                                                                                                                                                                                                                         prettier/prettier
  416:17  warning  Delete `··`                                                                                                                                                                                                                           prettier/prettier
  417:1   warning  Delete `··`                                                                                                                                                                                                                           prettier/prettier
  418:11  warning  Delete `··`                                                                                                                                                                                                                           prettier/prettier
  419:1   warning  Delete `··`                                                                                                                                                                                                                           prettier/prettier
  420:1   warning  Replace `············` with `··········`                                                                                                                                                                                              prettier/prettier
  421:13  warning  Delete `··`                                                                                                                                                                                                                           prettier/prettier
  422:1   warning  Replace `············` with `··········`                                                                                                                                                                                              prettier/prettier
  423:1   warning  Delete `··`                                                                                                                                                                                                                           prettier/prettier
  424:1   warning  Delete `··`                                                                                                                                                                                                                           prettier/prettier
  425:11  warning  Delete `··`                                                                                                                                                                                                                           prettier/prettier
  426:1   warning  Delete `··`                                                                                                                                                                                                                           prettier/prettier
  427:1   warning  Replace `··············` with `············`                                                                                                                                                                                          prettier/prettier
  428:15  warning  Delete `··`                                                                                                                                                                                                                           prettier/prettier
  429:1   warning  Delete `··`                                                                                                                                                                                                                           prettier/prettier
  430:13  warning  Delete `··`                                                                                                                                                                                                                           prettier/prettier
  431:1   warning  Delete `··`                                                                                                                                                                                                                           prettier/prettier
  432:11  warning  Delete `··`                                                                                                                                                                                                                           prettier/prettier
  433:1   warning  Delete `··`                                                                                                                                                                                                                           prettier/prettier
  434:1   warning  Replace `··············` with `············`                                                                                                                                                                                          prettier/prettier
  435:1   warning  Delete `··`                                                                                                                                                                                                                           prettier/prettier
  436:1   warning  Replace `··············` with `············`                                                                                                                                                                                          prettier/prettier
  437:11  warning  Delete `··`                                                                                                                                                                                                                           prettier/prettier
  438:1   warning  Delete `··`                                                                                                                                                                                                                           prettier/prettier
  439:11  warning  Delete `··`                                                                                                                                                                                                                           prettier/prettier
  440:1   warning  Delete `··`                                                                                                                                                                                                                           prettier/prettier

/Users/I584745/CODE/tools.sap.com/value-accelerator-client/client/src/valueAccelerator/Components/PublishDialog/usePublishDialogHelpers.tsx
  172:6  warning  React Hook useMemo has a missing dependency: 'publishedPackage?.id'. Either include it or remove the dependency array  react-hooks/exhaustive-deps

/Users/I584745/CODE/tools.sap.com/value-accelerator-client/client/src/valueAccelerator/Components/PublishDialog/usePublishDialogInit.tsx
  76:6  warning  React Hook useMemo has an unnecessary dependency: 'publishedPackage.imageUrl'. Either exclude it or remove the dependency array  react-hooks/exhaustive-deps

/Users/I584745/CODE/tools.sap.com/value-accelerator-client/client/src/valueAccelerator/Components/WizardContents/ExportSteps/AcceleratorDetailsForm/helpers/useDetailsStepHandler.ts
  4:3  warning  'ExportPackageSchema' is defined but never used  @typescript-eslint/no-unused-vars

/Users/I584745/CODE/tools.sap.com/value-accelerator-client/client/src/valueAccelerator/Components/WizardContents/ExportSteps/AcceleratorDetailsForm/index.tsx
  14:3  warning  'FioriInput' is defined but never used  @typescript-eslint/no-unused-vars

✖ 82 problems (0 errors, 82 warnings)
  0 errors and 60 warnings potentially fixable with the `--fix` option.
 @ http://localhost:3006/g/statics/suite-shell/static/js/7778.10f94e2f.js:478
[  316753ms] [ERROR] [webpack-dev-server] Errors while compiling. Reload prevented. @ http://localhost:3006/g/statics/suite-shell/static/js/7778.10f94e2f.js:478
[  316753ms] [ERROR] [webpack-dev-server] ERROR in ./src/valueAccelerator/Components/ExportedTable/ExportedTable.tsx
Module build failed (from ./node_modules/babel-loader/lib/index.js):
SyntaxError: /Users/I584745/CODE/tools.sap.com/value-accelerator-client/client/src/valueAccelerator/Components/ExportedTable/ExportedTable.tsx: Expected corresponding JSX closing tag for <>. (536:12)

  534 |                 filterable={filterEnabled}
  535 |               />
> 536 |             </div>
      |             ^
  537 |
  538 |             <>
  539 |               <ImportMessageBox
    at constructor (/Users/I584745/CODE/tools.sap.com/value-accelerator-client/client/node_modules/@babel/parser/lib/index.js:365:19)
    at TypeScriptParserMixin.raise (/Users/I584745/CODE/tools.sap.com/value-accelerator-client/client/node_modules/@babel/parser/lib/index.js:6616:19)
    at TypeScriptParserMixin.jsxParseElementAt (/Users/I584745/CODE/tools.sap.com/value-accelerator-client/client/node_modules/@babel/parser/lib/index.js:4732:14)
    at TypeScriptParserMixin.jsxParseElement (/Users/I584745/CODE/tools.sap.com/value-accelerator-client/client/node_modules/@babel/parser/lib/index.js:4761:17)
    at TypeScriptParserMixin.parseExprAtom (/Users/I584745/CODE/tools.sap.com/value-accelerator-client/client/node_modules/@babel/parser/lib/index.js:4771:19)
    at TypeScriptParserMixin.parseExprSubscripts (/Users/I584745/CODE/tools.sap.com/value-accelerator-client/client/node_modules/@babel/parser/lib/index.js:11098:23)
    at TypeScriptParserMixin.parseUpdate (/Users/I584745/CODE/tools.sap.com/value-accelerator-client/client/node_modules/@babel/parser/lib/index.js:11083:21)
    at TypeScriptParserMixin.parseMaybeUnary (/Users/I584745/CODE/tools.sap.com/value-accelerator-client/client/node_modules/@babel/parser/lib/index.js:11063:23)
    at TypeScriptParserMixin.parseMaybeUnary (/Users/I584745/CODE/tools.sap.com/value-accelerator-client/client/node_modules/@babel/parser/lib/index.js:9854:18)
    at TypeScriptParserMixin.parseMaybeUnaryOrPrivate (/Users/I584745/CODE/tools.sap.com/value-accelerator-client/client/node_modules/@babel/parser/lib/index.js:10916:61)
    at TypeScriptParserMixin.parseExprOps (/Users/I584745/CODE/tools.sap.com/value-accelerator-client/client/node_modules/@babel/parser/lib/index.js:10921:23)
    at TypeScriptParserMixin.parseMaybeConditional (/Users/I584745/CODE/tools.sap.com/value-accelerator-client/client/node_modules/@babel/parser/lib/index.js:10898:23)
    at TypeScriptParserMixin.parseMaybeAssign (/Users/I584745/CODE/tools.sap.com/value-accelerator-client/client/node_modules/@babel/parser/lib/index.js:10848:21)
    at /Users/I584745/CODE/tools.sap.com/value-accelerator-client/client/node_modules/@babel/parser/lib/index.js:9792:39
    at TypeScriptParserMixin.tryParse (/Users/I584745/CODE/tools.sap.com/value-accelerator-client/client/node_modules/@babel/parser/lib/index.js:6924:20)
    at TypeScriptParserMixin.parseMaybeAssign (/Users/I584745/CODE/tools.sap.com/value-accelerator-client/client/node_modules/@babel/parser/lib/index.js:9792:18)
    at /Users/I584745/CODE/tools.sap.com/value-accelerator-client/client/node_modules/@babel/parser/lib/index.js:10817:39
    at TypeScriptParserMixin.allowInAnd (/Users/I584745/CODE/tools.sap.com/value-accelerator-client/client/node_modules/@babel/parser/lib/index.js:12443:12)
    at TypeScriptParserMixin.parseMaybeAssignAllowIn (/Users/I584745/CODE/tools.sap.com/value-accelerator-client/client/node_modules/@babel/parser/lib/index.js:10817:17)
    at TypeScriptParserMixin.parseMaybeAssignAllowInOrVoidPattern (/Users/I584745/CODE/tools.sap.com/value-accelerator-client/client/node_modules/@babel/parser/lib/index.js:12510:17)
    at TypeScriptParserMixin.parseParenAndDistinguishExpression (/Users/I584745/CODE/tools.sap.com/value-accelerator-client/client/node_modules/@babel/parser/lib/index.js:11692:28)
    at TypeScriptParserMixin.parseExprAtom (/Users/I584745/CODE/tools.sap.com/value-accelerator-client/client/node_modules/@babel/parser/lib/index.js:11348:23)
    at TypeScriptParserMixin.parseExprAtom (/Users/I584745/CODE/tools.sap.com/value-accelerator-client/client/node_modules/@babel/parser/lib/index.js:4776:20)
    at TypeScriptParserMixin.parseExprSubscripts (/Users/I584745/CODE/tools.sap.com/value-accelerator-client/client/node_modules/@babel/parser/lib/index.js:11098:23)
    at TypeScriptParserMixin.parseUpdate (/Users/I584745/CODE/tools.sap.com/value-accelerator-client/client/node_modules/@babel/parser/lib/index.js:11083:21)
    at TypeScriptParserMixin.parseMaybeUnary (/Users/I584745/CODE/tools.sap.com/value-accelerator-client/client/node_modules/@babel/parser/lib/index.js:11063:23)
    at TypeScriptParserMixin.parseMaybeUnary (/Users/I584745/CODE/tools.sap.com/value-accelerator-client/client/node_modules/@babel/parser/lib/index.js:9854:18)
    at TypeScriptParserMixin.parseMaybeUnaryOrPrivate (/Users/I584745/CODE/tools.sap.com/value-accelerator-client/client/node_modules/@babel/parser/lib/index.js:10916:61)
    at TypeScriptParserMixin.parseExprOps (/Users/I584745/CODE/tools.sap.com/value-accelerator-client/client/node_modules/@babel/parser/lib/index.js:10921:23)
    at TypeScriptParserMixin.parseMaybeConditional (/Users/I584745/CODE/tools.sap.com/value-accelerator-client/client/node_modules/@babel/parser/lib/index.js:10898:23)
    at TypeScriptParserMixin.parseMaybeAssign (/Users/I584745/CODE/tools.sap.com/value-accelerator-client/client/node_modules/@babel/parser/lib/index.js:10848:21)
    at TypeScriptParserMixin.parseMaybeAssign (/Users/I584745/CODE/tools.sap.com/value-accelerator-client/client/node_modules/@babel/parser/lib/index.js:9803:20)
    at TypeScriptParserMixin.parseConditional (/Users/I584745/CODE/tools.sap.com/value-accelerator-client/client/node_modules/@babel/parser/lib/index.js:10910:29)
    at TypeScriptParserMixin.parseConditional (/Users/I584745/CODE/tools.sap.com/value-accelerator-client/client/node_modules/@babel/parser/lib/index.js:9620:18)
    at TypeScriptParserMixin.parseMaybeConditional (/Users/I584745/CODE/tools.sap.com/value-accelerator-client/client/node_modules/@babel/parser/lib/index.js:10902:17)
    at TypeScriptParserMixin.parseMaybeAssign (/Users/I584745/CODE/tools.sap.com/value-accelerator-client/client/node_modules/@babel/parser/lib/index.js:10848:21)
    at TypeScriptParserMixin.parseMaybeAssign (/Users/I584745/CODE/tools.sap.com/value-accelerator-client/client/node_modules/@babel/parser/lib/index.js:9803:20)
    at TypeScriptParserMixin.parseExpressionBase (/Users/I584745/CODE/tools.sap.com/value-accelerator-client/client/node_modules/@babel/parser/lib/index.js:10801:23)
    at /Users/I584745/CODE/tools.sap.com/value-accelerator-client/client/node_modules/@babel/parser/lib/index.js:10797:39
    at TypeScriptParserMixin.allowInAnd (/Users/I584745/CODE/tools.sap.com/value-accelerator-client/client/node_modules/@babel/parser/lib/index.js:12443:12)
    at TypeScriptParserMixin.parseExpression (/Users/I584745/CODE/tools.sap.com/value-accelerator-client/client/node_modules/@babel/parser/lib/index.js:10797:17)
    at TypeScriptParserMixin.jsxParseExpressionContainer (/Users/I584745/CODE/tools.sap.com/value-accelerator-client/client/node_modules/@babel/parser/lib/index.js:4644:31)
    at TypeScriptParserMixin.jsxParseElementAt (/Users/I584745/CODE/tools.sap.com/value-accelerator-client/client/node_modules/@babel/parser/lib/index.js:4723:36)
    at TypeScriptParserMixin.jsxParseElementAt (/Users/I584745/CODE/tools.sap.com/value-accelerator-client/client/node_modules/@babel/parser/lib/index.js:4710:32)
    at TypeScriptParserMixin.jsxParseElement (/Users/I584745/CODE/tools.sap.com/value-accelerator-client/client/node_modules/@babel/parser/lib/index.js:4761:17)
    at TypeScriptParserMixin.parseExprAtom (/Users/I584745/CODE/tools.sap.com/value-accelerator-client/client/node_modules/@babel/parser/lib/index.js:4771:19)
    at TypeScriptParserMixin.parseExprSubscripts (/Users/I584745/CODE/tools.sap.com/value-accelerator-client/client/node_modules/@babel/parser/lib/index.js:11098:23)
    at TypeScriptParserMixin.parseUpdate (/Users/I584745/CODE/tools.sap.com/value-accelerator-client/client/node_modules/@babel/parser/lib/index.js:11083:21)
    at TypeScriptParserMixin.parseMaybeUnary (/Users/I584745/CODE/tools.sap.com/value-accelerator-client/client/node_modules/@babel/parser/lib/index.js:11063:23)
    at TypeScriptParserMixin.parseMaybeUnary (/Users/I584745/CODE/tools.sap.com/value-accelerator-client/client/node_modules/@babel/parser/lib/index.js:9854:18) @ http://localhost:3006/g/statics/suite-shell/static/js/7778.10f94e2f.js:478
[  316753ms] [ERROR] [webpack-dev-server] ERROR
[eslint] 
/Users/I584745/CODE/tools.sap.com/value-accelerator-client/client/src/valueAccelerator/Components/ExportedTable/ExportedTable.tsx
  536:14  error  Parsing error: Expected corresponding closing tag for JSX fragment

✖ 1 problem (1 error, 0 warnings)
 @ http://localhost:3006/g/statics/suite-shell/static/js/7778.10f94e2f.js:478
[  316753ms] [ERROR] [webpack-dev-server] ERROR in ./src/valueAccelerator/Components/ExportedTable/ExportedTable.tsx:536:15
TS17015: Expected corresponding closing tag for JSX fragment.
    534 |                 filterable={filterEnabled}
    535 |               />
  > 536 |             </div>
        |               ^^^
    537 |
    538 |             <>
    539 |               <ImportMessageBox @ http://localhost:3006/g/statics/suite-shell/static/js/7778.10f94e2f.js:478
[  316753ms] [ERROR] [webpack-dev-server] ERROR in ./src/valueAccelerator/Components/ExportedTable/ExportedTable.tsx:536:18
TS1382: Unexpected token. Did you mean `{'>'}` or `&gt;`?
    534 |                 filterable={filterEnabled}
    535 |               />
  > 536 |             </div>
        |                  ^
    537 |
    538 |             <>
    539 |               <ImportMessageBox @ http://localhost:3006/g/statics/suite-shell/static/js/7778.10f94e2f.js:478
[  316753ms] [ERROR] [webpack-dev-server] ERROR in ./src/valueAccelerator/Components/ExportedTable/ExportedTable.tsx:569:13
TS1003: Identifier expected.
    567 |               ) : null
    568 |             )}
  > 569 |           </>
        |             ^
    570 |         )}
    571 |       </div>
    572 |     </ValErrorBoundary> @ http://localhost:3006/g/statics/suite-shell/static/js/7778.10f94e2f.js:478
[  316753ms] [ERROR] [webpack-dev-server] ERROR in ./src/valueAccelerator/Components/ExportedTable/ExportedTable.tsx:570:10
TS1381: Unexpected token. Did you mean `{'}'}` or `&rbrace;`?
    568 |             )}
    569 |           </>
  > 570 |         )}
        |          ^
    571 |       </div>
    572 |     </ValErrorBoundary>
    573 |   ); @ http://localhost:3006/g/statics/suite-shell/static/js/7778.10f94e2f.js:478
[  316753ms] [ERROR] [webpack-dev-server] ERROR in ./src/valueAccelerator/Components/ExportedTable/ExportedTable.tsx:571:9
TS17002: Expected corresponding JSX closing tag for 'ValErrorBoundary'.
    569 |           </>
    570 |         )}
  > 571 |       </div>
        |         ^^^
    572 |     </ValErrorBoundary>
    573 |   );
    574 | }; @ http://localhost:3006/g/statics/suite-shell/static/js/7778.10f94e2f.js:478
[  316753ms] [ERROR] [webpack-dev-server] ERROR in ./src/valueAccelerator/Components/ExportedTable/ExportedTable.tsx:572:5
TS1005: ')' expected.
    570 |         )}
    571 |       </div>
  > 572 |     </ValErrorBoundary>
        |     ^^
    573 |   );
    574 | };
    575 | @ http://localhost:3006/g/statics/suite-shell/static/js/7778.10f94e2f.js:478
[  316753ms] [ERROR] [webpack-dev-server] ERROR in ./src/valueAccelerator/Components/ExportedTable/ExportedTable.tsx:573:3
TS1109: Expression expected.
    571 |       </div>
    572 |     </ValErrorBoundary>
  > 573 |   );
        |   ^
    574 | };
    575 |
    576 | export { ExportProgressLoader } from "./components/StatusCell"; @ http://localhost:3006/g/statics/suite-shell/static/js/7778.10f94e2f.js:478
[  316753ms] [ERROR] [webpack-dev-server] ERROR in ./src/valueAccelerator/Components/ExportedTable/ExportedTable.tsx:574:1
TS1128: Declaration or statement expected.
    572 |     </ValErrorBoundary>
    573 |   );
  > 574 | };
        | ^
    575 |
    576 | export { ExportProgressLoader } from "./components/StatusCell";
    577 | @ http://localhost:3006/g/statics/suite-shell/static/js/7778.10f94e2f.js:478
[  317004ms] [ERROR] Failed to load resource: the server responded with a status of 401 (Unauthorized) @ http://localhost:3006/g/api/tenant-service/v1/tenants//configurations?type=walkme_settings:0
[  330475ms] [WARNING] [webpack-dev-server] Warnings while compiling. @ http://localhost:3006/g/statics/suite-shell/static/js/7778.10f94e2f.js:478
[  330476ms] [WARNING] [webpack-dev-server] WARNING
DefinePlugin
Conflicting values for 'process.env' @ http://localhost:3006/g/statics/suite-shell/static/js/7778.10f94e2f.js:478
[  330476ms] [WARNING] [webpack-dev-server] WARNING
[eslint] 
/Users/I584745/CODE/tools.sap.com/value-accelerator-client/client/src/hooks/useDownloadCsv.ts
  46:5  warning  React Hook useCallback has a missing dependency: 'containerPage'. Either include it or remove the dependency array  react-hooks/exhaustive-deps
  57:5  warning  React Hook useCallback has a missing dependency: 'containerPage'. Either include it or remove the dependency array  react-hooks/exhaustive-deps

/Users/I584745/CODE/tools.sap.com/value-accelerator-client/client/src/hooks/useEditPublishPackage.ts
  100:25  warning  Unexpected string concatenation of literals  no-useless-concat
  100:50  warning  Unexpected string concatenation of literals  no-useless-concat

/Users/I584745/CODE/tools.sap.com/value-accelerator-client/client/src/hooks/useGetImportedPackage.ts
   30:9  warning  'client' is assigned a value but never used                                                                                                               @typescript-eslint/no-unused-vars
  220:6  warning  React Hook useEffect has missing dependencies: 'error', 'id', 'newImport?.name', and 'toastMutation'. Either include them or remove the dependency array  react-hooks/exhaustive-deps

/Users/I584745/CODE/tools.sap.com/value-accelerator-client/client/src/hooks/useGetIsExportAllowed.ts
  7:10  warning  'logger' is defined but never used  @typescript-eslint/no-unused-vars

/Users/I584745/CODE/tools.sap.com/value-accelerator-client/client/src/hooks/useGetUserWorkspaces.ts
  7:10  warning  'logger' is defined but never used  @typescript-eslint/no-unused-vars

/Users/I584745/CODE/tools.sap.com/value-accelerator-client/client/src/store/selectedTreeTableStore.ts
  5:10  warning  'ContentOverviewItem' is defined but never used  @typescript-eslint/no-unused-vars

/Users/I584745/CODE/tools.sap.com/value-accelerator-client/client/src/types/importTypes.ts
  95:13  warning  'DictionaryContent' is already defined  @typescript-eslint/no-redeclare

/Users/I584745/CODE/tools.sap.com/value-accelerator-client/client/src/valueAccelerator/Components/DependencyGraph/DependencyGraph.tsx
  133:6  warning  React Hook useMemo has an unnecessary dependency: 'checkedNodes'. Either exclude it or remove the dependency array  react-hooks/exhaustive-deps

/Users/I584745/CODE/tools.sap.com/value-accelerator-client/client/src/valueAccelerator/Components/ExportedTable/ExportedTable.tsx
  488:15  warning  Delete `··`                                                       prettier/prettier
  489:15  warning  Delete `··`                                                       prettier/prettier
  490:1   warning  Delete `··`                                                       prettier/prettier
  491:17  warning  Delete `··`                                                       prettier/prettier
  493:1   warning  Delete `··`                                                       prettier/prettier
  494:1   warning  Delete `··`                                                       prettier/prettier
  495:21  warning  Delete `··`                                                       prettier/prettier
  496:1   warning  Delete `··`                                                       prettier/prettier
  497:1   warning  Delete `··`                                                       prettier/prettier
  498:17  warning  Delete `··`                                                       prettier/prettier
  499:1   warning  Delete `··`                                                       prettier/prettier
  500:1   warning  Delete `··`                                                       prettier/prettier
  501:21  warning  Delete `··`                                                       prettier/prettier
  502:19  warning  Delete `··`                                                       prettier/prettier
  503:1   warning  Delete `··`                                                       prettier/prettier
  504:15  warning  Delete `··`                                                       prettier/prettier
  505:1   warning  Delete `··`                                                       prettier/prettier
  506:1   warning  Delete `··`                                                       prettier/prettier
  507:15  warning  Delete `··`                                                       prettier/prettier
  508:1   warning  Delete `··`                                                       prettier/prettier
  509:1   warning  Delete `··`                                                       prettier/prettier
  510:15  warning  Delete `··`                                                       prettier/prettier
  511:1   warning  Delete `··`                                                       prettier/prettier
  512:1   warning  Replace `················` with `··············`                  prettier/prettier
  513:1   warning  Delete `··`                                                       prettier/prettier
  514:19  warning  Delete `··`                                                       prettier/prettier
  515:1   warning  Replace `························` with `······················`  prettier/prettier
  516:25  warning  Delete `··`                                                       prettier/prettier
  517:21  warning  Delete `··`                                                       prettier/prettier
  518:1   warning  Replace `····················` with `··················`          prettier/prettier
  519:15  warning  Delete `··`                                                       prettier/prettier
  520:1   warning  Delete `··`                                                       prettier/prettier
  521:1   warning  Replace `··················` with `················`              prettier/prettier
  522:15  warning  Delete `··`                                                       prettier/prettier
  523:1   warning  Delete `··`                                                       prettier/prettier
  524:1   warning  Replace `················` with `··············`                  prettier/prettier
  525:1   warning  Delete `··`                                                       prettier/prettier
  526:1   warning  Delete `··`                                                       prettier/prettier
  527:1   warning  Replace `··················` with `················`              prettier/prettier
  528:15  warning  Delete `··`                                                       prettier/prettier
  529:1   warning  Delete `··`                                                       prettier/prettier
  530:1   warning  Replace `··················` with `················`              prettier/prettier
  531:1   warning  Delete `··`                                                       prettier/prettier
  532:15  warning  Delete `··`                                                       prettier/prettier
  533:1   warning  Replace `················` with `··············`                  prettier/prettier
  534:1   warning  Delete `··`                                                       prettier/prettier
  535:1   warning  Delete `··`                                                       prettier/prettier

/Users/I584745/CODE/tools.sap.com/value-accelerator-client/client/src/valueAccelerator/Components/ImportDetailsPanel/components/CustomizationsSection.tsx
  211:5  warning  'selectedName' is assigned a value but never used  @typescript-eslint/no-unused-vars

/Users/I584745/CODE/tools.sap.com/value-accelerator-client/client/src/valueAccelerator/Components/ImportDetailsPanel/components/useCustomizationSectionHelpers.ts
  429:6  warning  React Hook useEffect has a missing dependency: 'setShowTable'. Either include it or remove the dependency array. If 'setShowTable' changes too often, find the parent component that defines it and wrap that definition in useCallback  react-hooks/exhaustive-deps

/Users/I584745/CODE/tools.sap.com/value-accelerator-client/client/src/valueAccelerator/Components/ImportModal/components/SelectiveImport/SelectiveImportTreeTable.tsx
  995:33  warning  'subType' is assigned a value but never used  @typescript-eslint/no-unused-vars

/Users/I584745/CODE/tools.sap.com/value-accelerator-client/client/src/valueAccelerator/Components/ImportModal/components/SelectiveImport/TreeSearchBar.tsx
  46:6  warning  React Hook useCallback has a missing dependency: 'trackSearch'. Either include it or remove the dependency array  react-hooks/exhaustive-deps

/Users/I584745/CODE/tools.sap.com/value-accelerator-client/client/src/valueAccelerator/Components/ImportModal/helpers/useWorkspaceSelection.ts
  55:7  warning  React Hook useMemo has a complex expression in the dependency array. Extract it to a separate variable so it can be statically checked  react-hooks/exhaustive-deps
  56:7  warning  React Hook useMemo has a complex expression in the dependency array. Extract it to a separate variable so it can be statically checked  react-hooks/exhaustive-deps

/Users/I584745/CODE/tools.sap.com/value-accelerator-client/client/src/valueAccelerator/Components/ImportedPackagesTable/ImportedPackagesTable.tsx
  236:9   warning  The 'ActionsCellRow' function makes the dependencies of useMemo Hook (at line 349) change on every render. Move it inside the useMemo callback. Alternatively, wrap the definition of 'ActionsCellRow' in its own useCallback() Hook  react-hooks/exhaustive-deps
  379:11  warning  Delete `··`                                                                                                                                                                                                                           prettier/prettier
  380:11  warning  Delete `··`                                                                                                                                                                                                                           prettier/prettier
  381:1   warning  Replace `············` with `··········`                                                                                                                                                                                              prettier/prettier
  382:1   warning  Delete `··`                                                                                                                                                                                                                           prettier/prettier
  383:1   warning  Delete `··`                                                                                                                                                                                                                           prettier/prettier
  384:13  warning  Delete `··`                                                                                                                                                                                                                           prettier/prettier
  385:1   warning  Delete `··`                                                                                                                                                                                                                           prettier/prettier
  386:15  warning  Delete `··`                                                                                                                                                                                                                           prettier/prettier
  387:13  warning  Delete `··`                                                                                                                                                                                                                           prettier/prettier
  388:1   warning  Replace `············` with `··········`                                                                                                                                                                                              prettier/prettier
  389:1   warning  Delete `··`                                                                                                                                                                                                                           prettier/prettier
  390:1   warning  Delete `··`                                                                                                                                                                                                                           prettier/prettier
  392:13  warning  Delete `··`                                                                                                                                                                                                                           prettier/prettier
  393:1   warning  Delete `··`                                                                                                                                                                                                                           prettier/prettier
  394:17  warning  Delete `··`                                                                                                                                                                                                                           prettier/prettier
  395:1   warning  Delete `··`                                                                                                                                                                                                                           prettier/prettier
  396:15  warning  Delete `··`                                                                                                                                                                                                                           prettier/prettier
  397:1   warning  Delete `··`                                                                                                                                                                                                                           prettier/prettier
  398:1   warning  Replace `················` with `··············`                                                                                                                                                                                      prettier/prettier
  399:1   warning  Delete `··`                                                                                                                                                                                                                           prettier/prettier
  400:1   warning  Delete `··`                                                                                                                                                                                                                           prettier/prettier
  401:15  warning  Delete `··`                                                                                                                                                                                                                           prettier/prettier
  402:13  warning  Delete `··`                                                                                                                                                                                                                           prettier/prettier
  403:1   warning  Replace `············` with `··········`                                                                                                                                                                                              prettier/prettier
  404:1   warning  Delete `··`                                                                                                                                                                                                                           prettier/prettier
  405:11  warning  Delete `··`                                                                                                                                                                                                                           prettier/prettier
  406:11  warning  Delete `··`                                                                                                                                                                                                                           prettier/prettier
  407:1   warning  Delete `··`                                                                                                                                                                                                                           prettier/prettier
  408:11  warning  Delete `··`                                                                                                                                                                                                                           prettier/prettier
  409:1   warning  Delete `··`                                                                                                                                                                                                                           prettier/prettier
  410:1   warning  Replace `············` with `··········`                                                                                                                                                                                              prettier/prettier
  411:1   warning  Delete `··`                                                                                                                                                                                                                           prettier/prettier
  412:1   warning  Replace `················` with `··············`                                                                                                                                                                                      prettier/prettier
  413:1   warning  Replace `····················[packages.findIndex(⏎······················(p)·=>·p.importId·===·selectedImportId` with `··················[packages.findIndex((p)·=>·p.importId·===·selectedImportId)]:`                                prettier/prettier
  415:20  warning  Delete `·)]:`                                                                                                                                                                                                                         prettier/prettier
  416:17  warning  Delete `··`                                                                                                                                                                                                                           prettier/prettier
  417:1   warning  Delete `··`                                                                                                                                                                                                                           prettier/prettier
  418:11  warning  Delete `··`                                                                                                                                                                                                                           prettier/prettier
  419:1   warning  Delete `··`                                                                                                                                                                                                                           prettier/prettier
  420:1   warning  Replace `············` with `··········`                                                                                                                                                                                              prettier/prettier
  421:13  warning  Delete `··`                                                                                                                                                                                                                           prettier/prettier
  422:1   warning  Replace `············` with `··········`                                                                                                                                                                                              prettier/prettier
  423:1   warning  Delete `··`                                                                                                                                                                                                                           prettier/prettier
  424:1   warning  Delete `··`                                                                                                                                                                                                                           prettier/prettier
  425:11  warning  Delete `··`                                                                                                                                                                                                                           prettier/prettier
  426:1   warning  Delete `··`                                                                                                                                                                                                                           prettier/prettier
  427:1   warning  Replace `··············` with `············`                                                                                                                                                                                          prettier/prettier
  428:15  warning  Delete `··`                                                                                                                                                                                                                           prettier/prettier
  429:1   warning  Delete `··`                                                                                                                                                                                                                           prettier/prettier
  430:13  warning  Delete `··`                                                                                                                                                                                                                           prettier/prettier
  431:1   warning  Delete `··`                                                                                                                                                                                                                           prettier/prettier
  432:11  warning  Delete `··`                                                                                                                                                                                                                           prettier/prettier
  433:1   warning  Delete `··`                                                                                                                                                                                                                           prettier/prettier
  434:1   warning  Replace `··············` with `············`                                                                                                                                                                                          prettier/prettier
  435:1   warning  Delete `··`                                                                                                                                                                                                                           prettier/prettier
  436:1   warning  Replace `··············` with `············`                                                                                                                                                                                          prettier/prettier
  437:11  warning  Delete `··`                                                                                                                                                                                                                           prettier/prettier
  438:1   warning  Delete `··`                                                                                                                                                                                                                           prettier/prettier
  439:11  warning  Delete `··`                                                                                                                                                                                                                           prettier/prettier
  440:1   warning  Delete `··`                                                                                                                                                                                                                           prettier/prettier

/Users/I584745/CODE/tools.sap.com/value-accelerator-client/client/src/valueAccelerator/Components/PublishDialog/usePublishDialogHelpers.tsx
  172:6  warning  React Hook useMemo has a missing dependency: 'publishedPackage?.id'. Either include it or remove the dependency array  react-hooks/exhaustive-deps

/Users/I584745/CODE/tools.sap.com/value-accelerator-client/client/src/valueAccelerator/Components/PublishDialog/usePublishDialogInit.tsx
  76:6  warning  React Hook useMemo has an unnecessary dependency: 'publishedPackage.imageUrl'. Either exclude it or remove the dependency array  react-hooks/exhaustive-deps

/Users/I584745/CODE/tools.sap.com/value-accelerator-client/client/src/valueAccelerator/Components/WizardContents/ExportSteps/AcceleratorDetailsForm/helpers/useDetailsStepHandler.ts
  4:3  warning  'ExportPackageSchema' is defined but never used  @typescript-eslint/no-unused-vars

/Users/I584745/CODE/tools.sap.com/value-accelerator-client/client/src/valueAccelerator/Components/WizardContents/ExportSteps/AcceleratorDetailsForm/index.tsx
  14:3  warning  'FioriInput' is defined but never used  @typescript-eslint/no-unused-vars

✖ 129 problems (0 errors, 129 warnings)
  0 errors and 107 warnings potentially fixable with the `--fix` option.
 @ http://localhost:3006/g/statics/suite-shell/static/js/7778.10f94e2f.js:478
[  330562ms] [WARNING] [HMR] Cannot apply update. Need to do a full reload! @ http://localhost:3006/g/statics/suite-shell/static/js/7778.10f94e2f.js:478
[  330562ms] [WARNING] [HMR] Error: Aborted because webpack/container/entry/valueAcceleratorMFE is not accepted
Update propagation: webpack/container/entry/valueAcceleratorMFE
    at applyHandler (http://localhost:3006/g/statics/val-client/static/js/remoteEntry.js?v=1787039945725:4934:31)
    at http://localhost:3006/g/statics/val-client/static/js/remoteEntry.js?v=1787039945725:4385:21
    at Array.map (<anonymous>)
    at internalApply (http://localhost:3006/g/statics/val-client/static/js/remoteEntry.js?v=1787039945725:4384:54)
    at http://localhost:3006/g/statics/val-client/static/js/remoteEntry.js?v=1787039945725:4355:26
    at waitForBlockingPromises (http://localhost:3006/g/statics/val-client/static/js/remoteEntry.js?v=1787039945725:4309:48)
    at http://localhost:3006/g/statics/val-client/static/js/remoteEntry.js?v=1787039945725:4353:24 @ http://localhost:3006/g/statics/suite-shell/static/js/7778.10f94e2f.js:478
[  331035ms] [ERROR] Failed to load resource: the server responded with a status of 404 (Not Found) @ http://localhost:3006/ruxitagentjs_ICA7NVfqrux_10339260603164134.js:0
[  331035ms] [ERROR] Refused to execute script from 'http://localhost:3006/ruxitagentjs_ICA7NVfqrux_10339260603164134.js' because its MIME type ('text/html') is not executable, and strict MIME type checking is enabled. @ http://localhost:3006/p/hub/val?tab=created:0
[  331439ms] [ERROR] Failed to load resource: the server responded with a status of 404 (Not Found) @ http://localhost:3006/spg/api/v1/fe6185009b4b4a718e88b5c22b766bc9/me:0
[  331595ms] [ERROR] Failed to load resource: the server responded with a status of 404 (Not Found) @ http://localhost:3006/g/api/tenant-service/v1/tenants/fe6185009b4b4a718e88b5c22b766bc9/mappings?type=signavio_to_btp_sub_account_id_process_analysis_and_mining:0
[  332207ms] [ERROR] Invalid Sentry Dsn: YOUR_SENTRY_DSN @ http://localhost:3006/g/statics/suite-shell/static/js/7778.10f94e2f.js:478
[  332212ms] [WARNING] [LaunchDarkly] The waitForInitialization function was called without a timeout specified. In a future version a default timeout will be applied. @ http://localhost:3006/g/statics/suite-shell/static/js/7778.10f94e2f.js:478
[  332239ms] [WARNING] Unsatisfied version 18.3.1 from shell of shared singleton module react-dom (required =18.2.0) @ http://localhost:3006/g/statics/suite-shell/static/js/7778.10f94e2f.js:478
[  332239ms] [WARNING] Unsatisfied version 18.3.1 from shell of shared singleton module react (required =18.2.0) @ http://localhost:3006/g/statics/suite-shell/static/js/7778.10f94e2f.js:478
[  332240ms] [WARNING] Unsatisfied version 7.18.2 from shell of shared singleton module react-router-dom (required ^6.16.0) @ http://localhost:3006/g/statics/suite-shell/static/js/7778.10f94e2f.js:478
[  332246ms] [WARNING] [webpack-dev-server] Warnings while compiling. @ http://localhost:3006/g/statics/suite-shell/static/js/7778.10f94e2f.js:478
[  332247ms] [WARNING] [webpack-dev-server] WARNING
DefinePlugin
Conflicting values for 'process.env' @ http://localhost:3006/g/statics/suite-shell/static/js/7778.10f94e2f.js:478
[  332247ms] [WARNING] [webpack-dev-server] WARNING
[eslint] 
/Users/I584745/CODE/tools.sap.com/value-accelerator-client/client/src/hooks/useDownloadCsv.ts
  46:5  warning  React Hook useCallback has a missing dependency: 'containerPage'. Either include it or remove the dependency array  react-hooks/exhaustive-deps
  57:5  warning  React Hook useCallback has a missing dependency: 'containerPage'. Either include it or remove the dependency array  react-hooks/exhaustive-deps

/Users/I584745/CODE/tools.sap.com/value-accelerator-client/client/src/hooks/useEditPublishPackage.ts
  100:25  warning  Unexpected string concatenation of literals  no-useless-concat
  100:50  warning  Unexpected string concatenation of literals  no-useless-concat

/Users/I584745/CODE/tools.sap.com/value-accelerator-client/client/src/hooks/useGetImportedPackage.ts
   30:9  warning  'client' is assigned a value but never used                                                                                                               @typescript-eslint/no-unused-vars
  220:6  warning  React Hook useEffect has missing dependencies: 'error', 'id', 'newImport?.name', and 'toastMutation'. Either include them or remove the dependency array  react-hooks/exhaustive-deps

/Users/I584745/CODE/tools.sap.com/value-accelerator-client/client/src/hooks/useGetIsExportAllowed.ts
  7:10  warning  'logger' is defined but never used  @typescript-eslint/no-unused-vars

/Users/I584745/CODE/tools.sap.com/value-accelerator-client/client/src/hooks/useGetUserWorkspaces.ts
  7:10  warning  'logger' is defined but never used  @typescript-eslint/no-unused-vars

/Users/I584745/CODE/tools.sap.com/value-accelerator-client/client/src/store/selectedTreeTableStore.ts
  5:10  warning  'ContentOverviewItem' is defined but never used  @typescript-eslint/no-unused-vars

/Users/I584745/CODE/tools.sap.com/value-accelerator-client/client/src/types/importTypes.ts
  95:13  warning  'DictionaryContent' is already defined  @typescript-eslint/no-redeclare

/Users/I584745/CODE/tools.sap.com/value-accelerator-client/client/src/valueAccelerator/Components/DependencyGraph/DependencyGraph.tsx
  133:6  warning  React Hook useMemo has an unnecessary dependency: 'checkedNodes'. Either exclude it or remove the dependency array  react-hooks/exhaustive-deps

/Users/I584745/CODE/tools.sap.com/value-accelerator-client/client/src/valueAccelerator/Components/ExportedTable/ExportedTable.tsx
  488:15  warning  Delete `··`                                                       prettier/prettier
  489:15  warning  Delete `··`                                                       prettier/prettier
  490:1   warning  Delete `··`                                                       prettier/prettier
  491:17  warning  Delete `··`                                                       prettier/prettier
  493:1   warning  Delete `··`                                                       prettier/prettier
  494:1   warning  Delete `··`                                                       prettier/prettier
  495:21  warning  Delete `··`                                                       prettier/prettier
  496:1   warning  Delete `··`                                                       prettier/prettier
  497:1   warning  Delete `··`                                                       prettier/prettier
  498:17  warning  Delete `··`                                                       prettier/prettier
  499:1   warning  Delete `··`                                                       prettier/prettier
  500:1   warning  Delete `··`                                                       prettier/prettier
  501:21  warning  Delete `··`                                                       prettier/prettier
  502:19  warning  Delete `··`                                                       prettier/prettier
  503:1   warning  Delete `··`                                                       prettier/prettier
  504:15  warning  Delete `··`                                                       prettier/prettier
  505:1   warning  Delete `··`                                                       prettier/prettier
  506:1   warning  Delete `··`                                                       prettier/prettier
  507:15  warning  Delete `··`                                                       prettier/prettier
  508:1   warning  Delete `··`                                                       prettier/prettier
  509:1   warning  Delete `··`                                                       prettier/prettier
  510:15  warning  Delete `··`                                                       prettier/prettier
  511:1   warning  Delete `··`                                                       prettier/prettier
  512:1   warning  Replace `················` with `··············`                  prettier/prettier
  513:1   warning  Delete `··`                                                       prettier/prettier
  514:19  warning  Delete `··`                                                       prettier/prettier
  515:1   warning  Replace `························` with `······················`  prettier/prettier
  516:25  warning  Delete `··`                                                       prettier/prettier
  517:21  warning  Delete `··`                                                       prettier/prettier
  518:1   warning  Replace `····················` with `··················`          prettier/prettier
  519:15  warning  Delete `··`                                                       prettier/prettier
  520:1   warning  Delete `··`                                                       prettier/prettier
  521:1   warning  Replace `··················` with `················`              prettier/prettier
  522:15  warning  Delete `··`                                                       prettier/prettier
  523:1   warning  Delete `··`                                                       prettier/prettier
  524:1   warning  Replace `················` with `··············`                  prettier/prettier
  525:1   warning  Delete `··`                                                       prettier/prettier
  526:1   warning  Delete `··`                                                       prettier/prettier
  527:1   warning  Replace `··················` with `················`              prettier/prettier
  528:15  warning  Delete `··`                                                       prettier/prettier
  529:1   warning  Delete `··`                                                       prettier/prettier
  530:1   warning  Replace `··················` with `················`              prettier/prettier
  531:1   warning  Delete `··`                                                       prettier/prettier
  532:15  warning  Delete `··`                                                       prettier/prettier
  533:1   warning  Replace `················` with `··············`                  prettier/prettier
  534:1   warning  Delete `··`                                                       prettier/prettier
  535:1   warning  Delete `··`                                                       prettier/prettier

/Users/I584745/CODE/tools.sap.com/value-accelerator-client/client/src/valueAccelerator/Components/ImportDetailsPanel/components/CustomizationsSection.tsx
  211:5  warning  'selectedName' is assigned a value but never used  @typescript-eslint/no-unused-vars

/Users/I584745/CODE/tools.sap.com/value-accelerator-client/client/src/valueAccelerator/Components/ImportDetailsPanel/components/useCustomizationSectionHelpers.ts
  429:6  warning  React Hook useEffect has a missing dependency: 'setShowTable'. Either include it or remove the dependency array. If 'setShowTable' changes too often, find the parent component that defines it and wrap that definition in useCallback  react-hooks/exhaustive-deps

/Users/I584745/CODE/tools.sap.com/value-accelerator-client/client/src/valueAccelerator/Components/ImportModal/components/SelectiveImport/SelectiveImportTreeTable.tsx
  995:33  warning  'subType' is assigned a value but never used  @typescript-eslint/no-unused-vars

/Users/I584745/CODE/tools.sap.com/value-accelerator-client/client/src/valueAccelerator/Components/ImportModal/components/SelectiveImport/TreeSearchBar.tsx
  46:6  warning  React Hook useCallback has a missing dependency: 'trackSearch'. Either include it or remove the dependency array  react-hooks/exhaustive-deps

/Users/I584745/CODE/tools.sap.com/value-accelerator-client/client/src/valueAccelerator/Components/ImportModal/helpers/useWorkspaceSelection.ts
  55:7  warning  React Hook useMemo has a complex expression in the dependency array. Extract it to a separate variable so it can be statically checked  react-hooks/exhaustive-deps
  56:7  warning  React Hook useMemo has a complex expression in the dependency array. Extract it to a separate variable so it can be statically checked  react-hooks/exhaustive-deps

/Users/I584745/CODE/tools.sap.com/value-accelerator-client/client/src/valueAccelerator/Components/ImportedPackagesTable/ImportedPackagesTable.tsx
  236:9   warning  The 'ActionsCellRow' function makes the dependencies of useMemo Hook (at line 349) change on every render. Move it inside the useMemo callback. Alternatively, wrap the definition of 'ActionsCellRow' in its own useCallback() Hook  react-hooks/exhaustive-deps
  379:11  warning  Delete `··`                                                                                                                                                                                                                           prettier/prettier
  380:11  warning  Delete `··`                                                                                                                                                                                                                           prettier/prettier
  381:1   warning  Replace `············` with `··········`                                                                                                                                                                                              prettier/prettier
  382:1   warning  Delete `··`                                                                                                                                                                                                                           prettier/prettier
  383:1   warning  Delete `··`                                                                                                                                                                                                                           prettier/prettier
  384:13  warning  Delete `··`                                                                                                                                                                                                                           prettier/prettier
  385:1   warning  Delete `··`                                                                                                                                                                                                                           prettier/prettier
  386:15  warning  Delete `··`                                                                                                                                                                                                                           prettier/prettier
  387:13  warning  Delete `··`                                                                                                                                                                                                                           prettier/prettier
  388:1   warning  Replace `············` with `··········`                                                                                                                                                                                              prettier/prettier
  389:1   warning  Delete `··`                                                                                                                                                                                                                           prettier/prettier
  390:1   warning  Delete `··`                                                                                                                                                                                                                           prettier/prettier
  392:13  warning  Delete `··`                                                                                                                                                                                                                           prettier/prettier
  393:1   warning  Delete `··`                                                                                                                                                                                                                           prettier/prettier
  394:17  warning  Delete `··`                                                                                                                                                                                                                           prettier/prettier
  395:1   warning  Delete `··`                                                                                                                                                                                                                           prettier/prettier
  396:15  warning  Delete `··`                                                                                                                                                                                                                           prettier/prettier
  397:1   warning  Delete `··`                                                                                                                                                                                                                           prettier/prettier
  398:1   warning  Replace `················` with `··············`                                                                                                                                                                                      prettier/prettier
  399:1   warning  Delete `··`                                                                                                                                                                                                                           prettier/prettier
  400:1   warning  Delete `··`                                                                                                                                                                                                                           prettier/prettier
  401:15  warning  Delete `··`                                                                                                                                                                                                                           prettier/prettier
  402:13  warning  Delete `··`                                                                                                                                                                                                                           prettier/prettier
  403:1   warning  Replace `············` with `··········`                                                                                                                                                                                              prettier/prettier
  404:1   warning  Delete `··`                                                                                                                                                                                                                           prettier/prettier
  405:11  warning  Delete `··`                                                                                                                                                                                                                           prettier/prettier
  406:11  warning  Delete `··`                                                                                                                                                                                                                           prettier/prettier
  407:1   warning  Delete `··`                                                                                                                                                                                                                           prettier/prettier
  408:11  warning  Delete `··`                                                                                                                                                                                                                           prettier/prettier
  409:1   warning  Delete `··`                                                                                                                                                                                                                           prettier/prettier
  410:1   warning  Replace `············` with `··········`                                                                                                                                                                                              prettier/prettier
  411:1   warning  Delete `··`                                                                                                                                                                                                                           prettier/prettier
  412:1   warning  Replace `················` with `··············`                                                                                                                                                                                      prettier/prettier
  413:1   warning  Replace `····················[packages.findIndex(⏎······················(p)·=>·p.importId·===·selectedImportId` with `··················[packages.findIndex((p)·=>·p.importId·===·selectedImportId)]:`                                prettier/prettier
  415:20  warning  Delete `·)]:`                                                                                                                                                                                                                         prettier/prettier
  416:17  warning  Delete `··`                                                                                                                                                                                                                           prettier/prettier
  417:1   warning  Delete `··`                                                                                                                                                                                                                           prettier/prettier
  418:11  warning  Delete `··`                                                                                                                                                                                                                           prettier/prettier
  419:1   warning  Delete `··`                                                                                                                                                                                                                           prettier/prettier
  420:1   warning  Replace `············` with `··········`                                                                                                                                                                                              prettier/prettier
  421:13  warning  Delete `··`                                                                                                                                                                                                                           prettier/prettier
  422:1   warning  Replace `············` with `··········`                                                                                                                                                                                              prettier/prettier
  423:1   warning  Delete `··`                                                                                                                                                                                                                           prettier/prettier
  424:1   warning  Delete `··`                                                                                                                                                                                                                           prettier/prettier
  425:11  warning  Delete `··`                                                                                                                                                                                                                           prettier/prettier
  426:1   warning  Delete `··`                                                                                                                                                                                                                           prettier/prettier
  427:1   warning  Replace `··············` with `············`                                                                                                                                                                                          prettier/prettier
  428:15  warning  Delete `··`                                                                                                                                                                                                                           prettier/prettier
  429:1   warning  Delete `··`                                                                                                                                                                                                                           prettier/prettier
  430:13  warning  Delete `··`                                                                                                                                                                                                                           prettier/prettier
  431:1   warning  Delete `··`                                                                                                                                                                                                                           prettier/prettier
  432:11  warning  Delete `··`                                                                                                                                                                                                                           prettier/prettier
  433:1   warning  Delete `··`                                                                                                                                                                                                                           prettier/prettier
  434:1   warning  Replace `··············` with `············`                                                                                                                                                                                          prettier/prettier
  435:1   warning  Delete `··`                                                                                                                                                                                                                           prettier/prettier
  436:1   warning  Replace `··············` with `············`                                                                                                                                                                                          prettier/prettier
  437:11  warning  Delete `··`                                                                                                                                                                                                                           prettier/prettier
  438:1   warning  Delete `··`                                                                                                                                                                                                                           prettier/prettier
  439:11  warning  Delete `··`                                                                                                                                                                                                                           prettier/prettier
  440:1   warning  Delete `··`                                                                                                                                                                                                                           prettier/prettier

/Users/I584745/CODE/tools.sap.com/value-accelerator-client/client/src/valueAccelerator/Components/PublishDialog/usePublishDialogHelpers.tsx
  172:6  warning  React Hook useMemo has a missing dependency: 'publishedPackage?.id'. Either include it or remove the dependency array  react-hooks/exhaustive-deps

/Users/I584745/CODE/tools.sap.com/value-accelerator-client/client/src/valueAccelerator/Components/PublishDialog/usePublishDialogInit.tsx
  76:6  warning  React Hook useMemo has an unnecessary dependency: 'publishedPackage.imageUrl'. Either exclude it or remove the dependency array  react-hooks/exhaustive-deps

/Users/I584745/CODE/tools.sap.com/value-accelerator-client/client/src/valueAccelerator/Components/WizardContents/ExportSteps/AcceleratorDetailsForm/helpers/useDetailsStepHandler.ts
  4:3  warning  'ExportPackageSchema' is defined but never used  @typescript-eslint/no-unused-vars

/Users/I584745/CODE/tools.sap.com/value-accelerator-client/client/src/valueAccelerator/Components/WizardContents/ExportSteps/AcceleratorDetailsForm/index.tsx
  14:3  warning  'FioriInput' is defined but never used  @typescript-eslint/no-unused-vars

✖ 129 problems (0 errors, 129 warnings)
  0 errors and 107 warnings potentially fixable with the `--fix` option.
 @ http://localhost:3006/g/statics/suite-shell/static/js/7778.10f94e2f.js:478
[  333311ms] [WARNING] Lit is in dev mode. Not recommended for production! See https://lit.dev/msg/dev-mode for more information. @ http://localhost:3006/g/statics/suite-shell/static/js/7778.10f94e2f.js:478
[  333311ms] [WARNING] Multiple versions of Lit loaded. Loading multiple versions is not recommended. See https://lit.dev/msg/multiple-versions for more information. @ http://localhost:3006/g/statics/suite-shell/static/js/7778.10f94e2f.js:478
[  343042ms] [WARNING] [webpack-dev-server] Warnings while compiling. @ http://localhost:3006/g/statics/suite-shell/static/js/7778.10f94e2f.js:478
[  343043ms] [WARNING] [webpack-dev-server] WARNING
DefinePlugin
Conflicting values for 'process.env' @ http://localhost:3006/g/statics/suite-shell/static/js/7778.10f94e2f.js:478
[  343052ms] [WARNING] [webpack-dev-server] WARNING
[eslint] 
/Users/I584745/CODE/tools.sap.com/value-accelerator-client/client/src/hooks/useDownloadCsv.ts
  46:5  warning  React Hook useCallback has a missing dependency: 'containerPage'. Either include it or remove the dependency array  react-hooks/exhaustive-deps
  57:5  warning  React Hook useCallback has a missing dependency: 'containerPage'. Either include it or remove the dependency array  react-hooks/exhaustive-deps

/Users/I584745/CODE/tools.sap.com/value-accelerator-client/client/src/hooks/useEditPublishPackage.ts
  100:25  warning  Unexpected string concatenation of literals  no-useless-concat
  100:50  warning  Unexpected string concatenation of literals  no-useless-concat

/Users/I584745/CODE/tools.sap.com/value-accelerator-client/client/src/hooks/useGetImportedPackage.ts
   30:9  warning  'client' is assigned a value but never used                                                                                                               @typescript-eslint/no-unused-vars
  220:6  warning  React Hook useEffect has missing dependencies: 'error', 'id', 'newImport?.name', and 'toastMutation'. Either include them or remove the dependency array  react-hooks/exhaustive-deps

/Users/I584745/CODE/tools.sap.com/value-accelerator-client/client/src/hooks/useGetIsExportAllowed.ts
  7:10  warning  'logger' is defined but never used  @typescript-eslint/no-unused-vars

/Users/I584745/CODE/tools.sap.com/value-accelerator-client/client/src/hooks/useGetUserWorkspaces.ts
  7:10  warning  'logger' is defined but never used  @typescript-eslint/no-unused-vars

/Users/I584745/CODE/tools.sap.com/value-accelerator-client/client/src/store/selectedTreeTableStore.ts
  5:10  warning  'ContentOverviewItem' is defined but never used  @typescript-eslint/no-unused-vars

/Users/I584745/CODE/tools.sap.com/value-accelerator-client/client/src/types/importTypes.ts
  95:13  warning  'DictionaryContent' is already defined  @typescript-eslint/no-redeclare

/Users/I584745/CODE/tools.sap.com/value-accelerator-client/client/src/valueAccelerator/Components/DependencyGraph/DependencyGraph.tsx
  133:6  warning  React Hook useMemo has an unnecessary dependency: 'checkedNodes'. Either exclude it or remove the dependency array  react-hooks/exhaustive-deps

/Users/I584745/CODE/tools.sap.com/value-accelerator-client/client/src/valueAccelerator/Components/ExportedTable/ExportedTable.tsx
  488:15  warning  Delete `··`                                                       prettier/prettier
  489:15  warning  Delete `··`                                                       prettier/prettier
  490:1   warning  Delete `··`                                                       prettier/prettier
  491:17  warning  Delete `··`                                                       prettier/prettier
  493:1   warning  Delete `··`                                                       prettier/prettier
  494:1   warning  Delete `··`                                                       prettier/prettier
  495:21  warning  Delete `··`                                                       prettier/prettier
  496:1   warning  Delete `··`                                                       prettier/prettier
  497:1   warning  Delete `··`                                                       prettier/prettier
  498:17  warning  Delete `··`                                                       prettier/prettier
  499:1   warning  Delete `··`                                                       prettier/prettier
  500:1   warning  Delete `··`                                                       prettier/prettier
  501:21  warning  Delete `··`                                                       prettier/prettier
  502:19  warning  Delete `··`                                                       prettier/prettier
  503:1   warning  Delete `··`                                                       prettier/prettier
  504:15  warning  Delete `··`                                                       prettier/prettier
  505:1   warning  Delete `··`                                                       prettier/prettier
  506:1   warning  Delete `··`                                                       prettier/prettier
  507:15  warning  Delete `··`                                                       prettier/prettier
  508:1   warning  Delete `··`                                                       prettier/prettier
  509:1   warning  Delete `··`                                                       prettier/prettier
  510:15  warning  Delete `··`                                                       prettier/prettier
  511:1   warning  Delete `··`                                                       prettier/prettier
  512:1   warning  Replace `················` with `··············`                  prettier/prettier
  513:1   warning  Delete `··`                                                       prettier/prettier
  514:19  warning  Delete `··`                                                       prettier/prettier
  515:1   warning  Replace `························` with `······················`  prettier/prettier
  516:25  warning  Delete `··`                                                       prettier/prettier
  517:21  warning  Delete `··`                                                       prettier/prettier
  518:1   warning  Replace `····················` with `··················`          prettier/prettier
  519:15  warning  Delete `··`                                                       prettier/prettier
  520:1   warning  Delete `··`                                                       prettier/prettier
  521:1   warning  Replace `··················` with `················`              prettier/prettier
  522:15  warning  Delete `··`                                                       prettier/prettier
  523:1   warning  Delete `··`                                                       prettier/prettier
  524:1   warning  Replace `················` with `··············`                  prettier/prettier
  525:1   warning  Delete `··`                                                       prettier/prettier
  526:1   warning  Delete `··`                                                       prettier/prettier
  527:1   warning  Replace `··················` with `················`              prettier/prettier
  528:15  warning  Delete `··`                                                       prettier/prettier
  529:1   warning  Delete `··`                                                       prettier/prettier
  530:1   warning  Replace `··················` with `················`              prettier/prettier
  531:1   warning  Delete `··`                                                       prettier/prettier
  532:15  warning  Delete `··`                                                       prettier/prettier
  533:1   warning  Replace `················` with `··············`                  prettier/prettier
  534:1   warning  Delete `··`                                                       prettier/prettier
  535:1   warning  Delete `··`                                                       prettier/prettier

/Users/I584745/CODE/tools.sap.com/value-accelerator-client/client/src/valueAccelerator/Components/ImportDetailsPanel/components/CustomizationsSection.tsx
  211:5  warning  'selectedName' is assigned a value but never used  @typescript-eslint/no-unused-vars

/Users/I584745/CODE/tools.sap.com/value-accelerator-client/client/src/valueAccelerator/Components/ImportDetailsPanel/components/useCustomizationSectionHelpers.ts
  429:6  warning  React Hook useEffect has a missing dependency: 'setShowTable'. Either include it or remove the dependency array. If 'setShowTable' changes too often, find the parent component that defines it and wrap that definition in useCallback  react-hooks/exhaustive-deps

/Users/I584745/CODE/tools.sap.com/value-accelerator-client/client/src/valueAccelerator/Components/ImportModal/components/SelectiveImport/SelectiveImportTreeTable.tsx
  995:33  warning  'subType' is assigned a value but never used  @typescript-eslint/no-unused-vars

/Users/I584745/CODE/tools.sap.com/value-accelerator-client/client/src/valueAccelerator/Components/ImportModal/components/SelectiveImport/TreeSearchBar.tsx
  46:6  warning  React Hook useCallback has a missing dependency: 'trackSearch'. Either include it or remove the dependency array  react-hooks/exhaustive-deps

/Users/I584745/CODE/tools.sap.com/value-accelerator-client/client/src/valueAccelerator/Components/ImportModal/helpers/useWorkspaceSelection.ts
  55:7  warning  React Hook useMemo has a complex expression in the dependency array. Extract it to a separate variable so it can be statically checked  react-hooks/exhaustive-deps
  56:7  warning  React Hook useMemo has a complex expression in the dependency array. Extract it to a separate variable so it can be statically checked  react-hooks/exhaustive-deps

/Users/I584745/CODE/tools.sap.com/value-accelerator-client/client/src/valueAccelerator/Components/ImportedPackagesTable/ImportedPackagesTable.tsx
  236:9   warning  The 'ActionsCellRow' function makes the dependencies of useMemo Hook (at line 349) change on every render. Move it inside the useMemo callback. Alternatively, wrap the definition of 'ActionsCellRow' in its own useCallback() Hook  react-hooks/exhaustive-deps
  379:11  warning  Delete `··`                                                                                                                                                                                                                           prettier/prettier
  380:11  warning  Delete `··`                                                                                                                                                                                                                           prettier/prettier
  381:1   warning  Replace `············` with `··········`                                                                                                                                                                                              prettier/prettier
  382:1   warning  Delete `··`                                                                                                                                                                                                                           prettier/prettier
  383:1   warning  Delete `··`                                                                                                                                                                                                                           prettier/prettier
  384:13  warning  Delete `··`                                                                                                                                                                                                                           prettier/prettier
  385:1   warning  Delete `··`                                                                                                                                                                                                                           prettier/prettier
  386:15  warning  Delete `··`                                                                                                                                                                                                                           prettier/prettier
  387:13  warning  Delete `··`                                                                                                                                                                                                                           prettier/prettier
  388:1   warning  Replace `············` with `··········`                                                                                                                                                                                              prettier/prettier
  389:1   warning  Delete `··`                                                                                                                                                                                                                           prettier/prettier
  390:1   warning  Delete `··`                                                                                                                                                                                                                           prettier/prettier
  392:13  warning  Delete `··`                                                                                                                                                                                                                           prettier/prettier
  393:1   warning  Delete `··`                                                                                                                                                                                                                           prettier/prettier
  394:17  warning  Delete `··`                                                                                                                                                                                                                           prettier/prettier
  395:1   warning  Delete `··`                                                                                                                                                                                                                           prettier/prettier
  396:15  warning  Delete `··`                                                                                                                                                                                                                           prettier/prettier
  397:1   warning  Delete `··`                                                                                                                                                                                                                           prettier/prettier
  398:1   warning  Replace `················` with `··············`                                                                                                                                                                                      prettier/prettier
  399:1   warning  Delete `··`                                                                                                                                                                                                                           prettier/prettier
  400:1   warning  Delete `··`                                                                                                                                                                                                                           prettier/prettier
  401:15  warning  Delete `··`                                                                                                                                                                                                                           prettier/prettier
  402:13  warning  Delete `··`                                                                                                                                                                                                                           prettier/prettier
  403:1   warning  Replace `············` with `··········`                                                                                                                                                                                              prettier/prettier
  404:1   warning  Delete `··`                                                                                                                                                                                                                           prettier/prettier
  405:11  warning  Delete `··`                                                                                                                                                                                                                           prettier/prettier
  406:11  warning  Delete `··`                                                                                                                                                                                                                           prettier/prettier
  407:1   warning  Delete `··`                                                                                                                                                                                                                           prettier/prettier
  408:11  warning  Delete `··`                                                                                                                                                                                                                           prettier/prettier
  409:1   warning  Delete `··`                                                                                                                                                                                                                           prettier/prettier
  410:1   warning  Replace `············` with `··········`                                                                                                                                                                                              prettier/prettier
  411:1   warning  Delete `··`                                                                                                                                                                                                                           prettier/prettier
  412:1   warning  Replace `················` with `··············`                                                                                                                                                                                      prettier/prettier
  413:1   warning  Replace `····················[packages.findIndex(⏎······················(p)·=>·p.importId·===·selectedImportId` with `··················[packages.findIndex((p)·=>·p.importId·===·selectedImportId)]:`                                prettier/prettier
  415:20  warning  Delete `·)]:`                                                                                                                                                                                                                         prettier/prettier
  416:17  warning  Delete `··`                                                                                                                                                                                                                           prettier/prettier
  417:1   warning  Delete `··`                                                                                                                                                                                                                           prettier/prettier
  418:11  warning  Delete `··`                                                                                                                                                                                                                           prettier/prettier
  419:1   warning  Delete `··`                                                                                                                                                                                                                           prettier/prettier
  420:1   warning  Replace `············` with `··········`                                                                                                                                                                                              prettier/prettier
  421:13  warning  Delete `··`                                                                                                                                                                                                                           prettier/prettier
  422:1   warning  Replace `············` with `··········`                                                                                                                                                                                              prettier/prettier
  423:1   warning  Delete `··`                                                                                                                                                                                                                           prettier/prettier
  424:1   warning  Delete `··`                                                                                                                                                                                                                           prettier/prettier
  425:11  warning  Delete `··`                                                                                                                                                                                                                           prettier/prettier
  426:1   warning  Delete `··`                                                                                                                                                                                                                           prettier/prettier
  427:1   warning  Replace `··············` with `············`                                                                                                                                                                                          prettier/prettier
  428:15  warning  Delete `··`                                                                                                                                                                                                                           prettier/prettier
  429:1   warning  Delete `··`                                                                                                                                                                                                                           prettier/prettier
  430:13  warning  Delete `··`                                                                                                                                                                                                                           prettier/prettier
  431:1   warning  Delete `··`                                                                                                                                                                                                                           prettier/prettier
  432:11  warning  Delete `··`                                                                                                                                                                                                                           prettier/prettier
  433:1   warning  Delete `··`                                                                                                                                                                                                                           prettier/prettier
  434:1   warning  Replace `··············` with `············`                                                                                                                                                                                          prettier/prettier
  435:1   warning  Delete `··`                                                                                                                                                                                                                           prettier/prettier
  436:1   warning  Replace `··············` with `············`                                                                                                                                                                                          prettier/prettier
  437:11  warning  Delete `··`                                                                                                                                                                                                                           prettier/prettier
  438:1   warning  Delete `··`                                                                                                                                                                                                                           prettier/prettier
  439:11  warning  Delete `··`                                                                                                                                                                                                                           prettier/prettier
  440:1   warning  Delete `··`                                                                                                                                                                                                                           prettier/prettier

/Users/I584745/CODE/tools.sap.com/value-accelerator-client/client/src/valueAccelerator/Components/PublishDialog/usePublishDialogHelpers.tsx
  172:6  warning  React Hook useMemo has a missing dependency: 'publishedPackage?.id'. Either include it or remove the dependency array  react-hooks/exhaustive-deps

/Users/I584745/CODE/tools.sap.com/value-accelerator-client/client/src/valueAccelerator/Components/PublishDialog/usePublishDialogInit.tsx
  76:6  warning  React Hook useMemo has an unnecessary dependency: 'publishedPackage.imageUrl'. Either exclude it or remove the dependency array  react-hooks/exhaustive-deps

/Users/I584745/CODE/tools.sap.com/value-accelerator-client/client/src/valueAccelerator/Components/WizardContents/ExportSteps/AcceleratorDetailsForm/helpers/useDetailsStepHandler.ts
  4:3  warning  'ExportPackageSchema' is defined but never used  @typescript-eslint/no-unused-vars

/Users/I584745/CODE/tools.sap.com/value-accelerator-client/client/src/valueAccelerator/Components/WizardContents/ExportSteps/AcceleratorDetailsForm/index.tsx
  14:3  warning  'FioriInput' is defined but never used  @typescript-eslint/no-unused-vars

✖ 129 problems (0 errors, 129 warnings)
  0 errors and 107 warnings potentially fixable with the `--fix` option.
 @ http://localhost:3006/g/statics/suite-shell/static/js/7778.10f94e2f.js:478
[  343330ms] [WARNING] [HMR] Cannot apply update. Need to do a full reload! @ http://localhost:3006/g/statics/suite-shell/static/js/7778.10f94e2f.js:478
[  343330ms] [WARNING] [HMR] Error: Aborted because ./src/valueAccelerator/Components/Shared/ContentAnalyticalTable.tsx is not accepted
Update propagation: ./src/valueAccelerator/Components/Shared/ContentAnalyticalTable.tsx -> ./src/valueAccelerator/Components/AcceleratorDetails/Tabs/Content/AcceleratorDetailsContent.tsx -> ./src/valueAccelerator/Components/ExportDetailsPanel/components/ContentOverviewStatisticsSection.tsx -> ./src/valueAccelerator/Components/ExportDetailsPanel/ExportDetailsPanel.tsx -> ./src/valueAccelerator/ExportedContainer/components/SidePanel/SidePanel.tsx -> ./src/valueAccelerator/LibraryContainer/LibraryContainer.tsx -> ./src/valueAccelerator/LibraryContainer/index.ts -> ./src/modules/GalleryModule.tsx -> webpack/container/entry/valueAcceleratorMFE
    at applyHandler (http://localhost:3006/g/statics/val-client/static/js/remoteEntry.js?v=1787039973909:4934:31)
    at http://localhost:3006/g/statics/val-client/static/js/remoteEntry.js?v=1787039973909:4385:21
    at Array.map (<anonymous>)
    at internalApply (http://localhost:3006/g/statics/val-client/static/js/remoteEntry.js?v=1787039973909:4384:54)
    at http://localhost:3006/g/statics/val-client/static/js/remoteEntry.js?v=1787039973909:4355:26
    at waitForBlockingPromises (http://localhost:3006/g/statics/val-client/static/js/remoteEntry.js?v=1787039973909:4309:48)
    at http://localhost:3006/g/statics/val-client/static/js/remoteEntry.js?v=1787039973909:4353:24 @ http://localhost:3006/g/statics/suite-shell/static/js/7778.10f94e2f.js:478
[  343829ms] [ERROR] Failed to load resource: the server responded with a status of 404 (Not Found) @ http://localhost:3006/ruxitagentjs_ICA7NVfqrux_10339260603164134.js:0
[  343829ms] [ERROR] Refused to execute script from 'http://localhost:3006/ruxitagentjs_ICA7NVfqrux_10339260603164134.js' because its MIME type ('text/html') is not executable, and strict MIME type checking is enabled. @ http://localhost:3006/p/hub/val?tab=created:0
[  343949ms] [ERROR] Failed to load resource: the server responded with a status of 504 (Gateway Timeout) @ http://localhost:3006/g/api/graphql:0
[  343950ms] [ERROR] Error fetching global context or features: SyntaxError: Unexpected token 'E', "Error occu"... is not valid JSON @ http://localhost:3006/g/statics/suite-shell/static/js/2595.b95a6aa7.js:4
[  351132ms] [ERROR] Failed to load resource: the server responded with a status of 404 (Not Found) @ http://localhost:3006/ruxitagentjs_ICA7NVfqrux_10339260603164134.js:0
[  351133ms] [ERROR] Refused to execute script from 'http://localhost:3006/ruxitagentjs_ICA7NVfqrux_10339260603164134.js' because its MIME type ('text/html') is not executable, and strict MIME type checking is enabled. @ http://localhost:3006/p/hub/val?tab=created:0
[  351740ms] [ERROR] Failed to load resource: the server responded with a status of 404 (Not Found) @ http://localhost:3006/spg/api/v1/fe6185009b4b4a718e88b5c22b766bc9/me:0
[  351899ms] [ERROR] Failed to load resource: the server responded with a status of 404 (Not Found) @ http://localhost:3006/g/api/tenant-service/v1/tenants/fe6185009b4b4a718e88b5c22b766bc9/mappings?type=signavio_to_btp_sub_account_id_process_analysis_and_mining:0
[  352629ms] [ERROR] Invalid Sentry Dsn: YOUR_SENTRY_DSN @ http://localhost:3006/g/statics/suite-shell/static/js/7778.10f94e2f.js:478
[  352635ms] [WARNING] [LaunchDarkly] The waitForInitialization function was called without a timeout specified. In a future version a default timeout will be applied. @ http://localhost:3006/g/statics/suite-shell/static/js/7778.10f94e2f.js:478
[  352695ms] [WARNING] Unsatisfied version 18.3.1 from shell of shared singleton module react-dom (required =18.2.0) @ http://localhost:3006/g/statics/suite-shell/static/js/7778.10f94e2f.js:478
[  352695ms] [WARNING] Unsatisfied version 18.3.1 from shell of shared singleton module react (required =18.2.0) @ http://localhost:3006/g/statics/suite-shell/static/js/7778.10f94e2f.js:478
[  352696ms] [WARNING] Unsatisfied version 7.18.2 from shell of shared singleton module react-router-dom (required ^6.16.0) @ http://localhost:3006/g/statics/suite-shell/static/js/7778.10f94e2f.js:478
[  352703ms] [WARNING] [webpack-dev-server] Warnings while compiling. @ http://localhost:3006/g/statics/suite-shell/static/js/7778.10f94e2f.js:478
[  352704ms] [WARNING] [webpack-dev-server] WARNING
DefinePlugin
Conflicting values for 'process.env' @ http://localhost:3006/g/statics/suite-shell/static/js/7778.10f94e2f.js:478
[  352704ms] [WARNING] [webpack-dev-server] WARNING
[eslint] 
/Users/I584745/CODE/tools.sap.com/value-accelerator-client/client/src/hooks/useDownloadCsv.ts
  46:5  warning  React Hook useCallback has a missing dependency: 'containerPage'. Either include it or remove the dependency array  react-hooks/exhaustive-deps
  57:5  warning  React Hook useCallback has a missing dependency: 'containerPage'. Either include it or remove the dependency array  react-hooks/exhaustive-deps

/Users/I584745/CODE/tools.sap.com/value-accelerator-client/client/src/hooks/useEditPublishPackage.ts
  100:25  warning  Unexpected string concatenation of literals  no-useless-concat
  100:50  warning  Unexpected string concatenation of literals  no-useless-concat

/Users/I584745/CODE/tools.sap.com/value-accelerator-client/client/src/hooks/useGetImportedPackage.ts
   30:9  warning  'client' is assigned a value but never used                                                                                                               @typescript-eslint/no-unused-vars
  220:6  warning  React Hook useEffect has missing dependencies: 'error', 'id', 'newImport?.name', and 'toastMutation'. Either include them or remove the dependency array  react-hooks/exhaustive-deps

/Users/I584745/CODE/tools.sap.com/value-accelerator-client/client/src/hooks/useGetIsExportAllowed.ts
  7:10  warning  'logger' is defined but never used  @typescript-eslint/no-unused-vars

/Users/I584745/CODE/tools.sap.com/value-accelerator-client/client/src/hooks/useGetUserWorkspaces.ts
  7:10  warning  'logger' is defined but never used  @typescript-eslint/no-unused-vars

/Users/I584745/CODE/tools.sap.com/value-accelerator-client/client/src/store/selectedTreeTableStore.ts
  5:10  warning  'ContentOverviewItem' is defined but never used  @typescript-eslint/no-unused-vars

/Users/I584745/CODE/tools.sap.com/value-accelerator-client/client/src/types/importTypes.ts
  95:13  warning  'DictionaryContent' is already defined  @typescript-eslint/no-redeclare

/Users/I584745/CODE/tools.sap.com/value-accelerator-client/client/src/valueAccelerator/Components/DependencyGraph/DependencyGraph.tsx
  133:6  warning  React Hook useMemo has an unnecessary dependency: 'checkedNodes'. Either exclude it or remove the dependency array  react-hooks/exhaustive-deps

/Users/I584745/CODE/tools.sap.com/value-accelerator-client/client/src/valueAccelerator/Components/ExportedTable/ExportedTable.tsx
  488:15  warning  Delete `··`                                                       prettier/prettier
  489:15  warning  Delete `··`                                                       prettier/prettier
  490:1   warning  Delete `··`                                                       prettier/prettier
  491:17  warning  Delete `··`                                                       prettier/prettier
  493:1   warning  Delete `··`                                                       prettier/prettier
  494:1   warning  Delete `··`                                                       prettier/prettier
  495:21  warning  Delete `··`                                                       prettier/prettier
  496:1   warning  Delete `··`                                                       prettier/prettier
  497:1   warning  Delete `··`                                                       prettier/prettier
  498:17  warning  Delete `··`                                                       prettier/prettier
  499:1   warning  Delete `··`                                                       prettier/prettier
  500:1   warning  Delete `··`                                                       prettier/prettier
  501:21  warning  Delete `··`                                                       prettier/prettier
  502:19  warning  Delete `··`                                                       prettier/prettier
  503:1   warning  Delete `··`                                                       prettier/prettier
  504:15  warning  Delete `··`                                                       prettier/prettier
  505:1   warning  Delete `··`                                                       prettier/prettier
  506:1   warning  Delete `··`                                                       prettier/prettier
  507:15  warning  Delete `··`                                                       prettier/prettier
  508:1   warning  Delete `··`                                                       prettier/prettier
  509:1   warning  Delete `··`                                                       prettier/prettier
  510:15  warning  Delete `··`                                                       prettier/prettier
  511:1   warning  Delete `··`                                                       prettier/prettier
  512:1   warning  Replace `················` with `··············`                  prettier/prettier
  513:1   warning  Delete `··`                                                       prettier/prettier
  514:19  warning  Delete `··`                                                       prettier/prettier
  515:1   warning  Replace `························` with `······················`  prettier/prettier
  516:25  warning  Delete `··`                                                       prettier/prettier
  517:21  warning  Delete `··`                                                       prettier/prettier
  518:1   warning  Replace `····················` with `··················`          prettier/prettier
  519:15  warning  Delete `··`                                                       prettier/prettier
  520:1   warning  Delete `··`                                                       prettier/prettier
  521:1   warning  Replace `··················` with `················`              prettier/prettier
  522:15  warning  Delete `··`                                                       prettier/prettier
  523:1   warning  Delete `··`                                                       prettier/prettier
  524:1   warning  Replace `················` with `··············`                  prettier/prettier
  525:1   warning  Delete `··`                                                       prettier/prettier
  526:1   warning  Delete `··`                                                       prettier/prettier
  527:1   warning  Replace `··················` with `················`              prettier/prettier
  528:15  warning  Delete `··`                                                       prettier/prettier
  529:1   warning  Delete `··`                                                       prettier/prettier
  530:1   warning  Replace `··················` with `················`              prettier/prettier
  531:1   warning  Delete `··`                                                       prettier/prettier
  532:15  warning  Delete `··`                                                       prettier/prettier
  533:1   warning  Replace `················` with `··············`                  prettier/prettier
  534:1   warning  Delete `··`                                                       prettier/prettier
  535:1   warning  Delete `··`                                                       prettier/prettier

/Users/I584745/CODE/tools.sap.com/value-accelerator-client/client/src/valueAccelerator/Components/ImportDetailsPanel/components/CustomizationsSection.tsx
  211:5  warning  'selectedName' is assigned a value but never used  @typescript-eslint/no-unused-vars

/Users/I584745/CODE/tools.sap.com/value-accelerator-client/client/src/valueAccelerator/Components/ImportDetailsPanel/components/useCustomizationSectionHelpers.ts
  429:6  warning  React Hook useEffect has a missing dependency: 'setShowTable'. Either include it or remove the dependency array. If 'setShowTable' changes too often, find the parent component that defines it and wrap that definition in useCallback  react-hooks/exhaustive-deps

/Users/I584745/CODE/tools.sap.com/value-accelerator-client/client/src/valueAccelerator/Components/ImportModal/components/SelectiveImport/SelectiveImportTreeTable.tsx
  995:33  warning  'subType' is assigned a value but never used  @typescript-eslint/no-unused-vars

/Users/I584745/CODE/tools.sap.com/value-accelerator-client/client/src/valueAccelerator/Components/ImportModal/components/SelectiveImport/TreeSearchBar.tsx
  46:6  warning  React Hook useCallback has a missing dependency: 'trackSearch'. Either include it or remove the dependency array  react-hooks/exhaustive-deps

/Users/I584745/CODE/tools.sap.com/value-accelerator-client/client/src/valueAccelerator/Components/ImportModal/helpers/useWorkspaceSelection.ts
  55:7  warning  React Hook useMemo has a complex expression in the dependency array. Extract it to a separate variable so it can be statically checked  react-hooks/exhaustive-deps
  56:7  warning  React Hook useMemo has a complex expression in the dependency array. Extract it to a separate variable so it can be statically checked  react-hooks/exhaustive-deps

/Users/I584745/CODE/tools.sap.com/value-accelerator-client/client/src/valueAccelerator/Components/ImportedPackagesTable/ImportedPackagesTable.tsx
  236:9   warning  The 'ActionsCellRow' function makes the dependencies of useMemo Hook (at line 349) change on every render. Move it inside the useMemo callback. Alternatively, wrap the definition of 'ActionsCellRow' in its own useCallback() Hook  react-hooks/exhaustive-deps
  379:11  warning  Delete `··`                                                                                                                                                                                                                           prettier/prettier
  380:11  warning  Delete `··`                                                                                                                                                                                                                           prettier/prettier
  381:1   warning  Replace `············` with `··········`                                                                                                                                                                                              prettier/prettier
  382:1   warning  Delete `··`                                                                                                                                                                                                                           prettier/prettier
  383:1   warning  Delete `··`                                                                                                                                                                                                                           prettier/prettier
  384:13  warning  Delete `··`                                                                                                                                                                                                                           prettier/prettier
  385:1   warning  Delete `··`                                                                                                                                                                                                                           prettier/prettier
  386:15  warning  Delete `··`                                                                                                                                                                                                                           prettier/prettier
  387:13  warning  Delete `··`                                                                                                                                                                                                                           prettier/prettier
  388:1   warning  Replace `············` with `··········`                                                                                                                                                                                              prettier/prettier
  389:1   warning  Delete `··`                                                                                                                                                                                                                           prettier/prettier
  390:1   warning  Delete `··`                                                                                                                                                                                                                           prettier/prettier
  392:13  warning  Delete `··`                                                                                                                                                                                                                           prettier/prettier
  393:1   warning  Delete `··`                                                                                                                                                                                                                           prettier/prettier
  394:17  warning  Delete `··`                                                                                                                                                                                                                           prettier/prettier
  395:1   warning  Delete `··`                                                                                                                                                                                                                           prettier/prettier
  396:15  warning  Delete `··`                                                                                                                                                                                                                           prettier/prettier
  397:1   warning  Delete `··`                                                                                                                                                                                                                           prettier/prettier
  398:1   warning  Replace `················` with `··············`                                                                                                                                                                                      prettier/prettier
  399:1   warning  Delete `··`                                                                                                                                                                                                                           prettier/prettier
  400:1   warning  Delete `··`                                                                                                                                                                                                                           prettier/prettier
  401:15  warning  Delete `··`                                                                                                                                                                                                                           prettier/prettier
  402:13  warning  Delete `··`                                                                                                                                                                                                                           prettier/prettier
  403:1   warning  Replace `············` with `··········`                                                                                                                                                                                              prettier/prettier
  404:1   warning  Delete `··`                                                                                                                                                                                                                           prettier/prettier
  405:11  warning  Delete `··`                                                                                                                                                                                                                           prettier/prettier
  406:11  warning  Delete `··`                                                                                                                                                                                                                           prettier/prettier
  407:1   warning  Delete `··`                                                                                                                                                                                                                           prettier/prettier
  408:11  warning  Delete `··`                                                                                                                                                                                                                           prettier/prettier
  409:1   warning  Delete `··`                                                                                                                                                                                                                           prettier/prettier
  410:1   warning  Replace `············` with `··········`                                                                                                                                                                                              prettier/prettier
  411:1   warning  Delete `··`                                                                                                                                                                                                                           prettier/prettier
  412:1   warning  Replace `················` with `··············`                                                                                                                                                                                      prettier/prettier
  413:1   warning  Replace `····················[packages.findIndex(⏎······················(p)·=>·p.importId·===·selectedImportId` with `··················[packages.findIndex((p)·=>·p.importId·===·selectedImportId)]:`                                prettier/prettier
  415:20  warning  Delete `·)]:`                                                                                                                                                                                                                         prettier/prettier
  416:17  warning  Delete `··`                                                                                                                                                                                                                           prettier/prettier
  417:1   warning  Delete `··`                                                                                                                                                                                                                           prettier/prettier
  418:11  warning  Delete `··`                                                                                                                                                                                                                           prettier/prettier
  419:1   warning  Delete `··`                                                                                                                                                                                                                           prettier/prettier
  420:1   warning  Replace `············` with `··········`                                                                                                                                                                                              prettier/prettier
  421:13  warning  Delete `··`                                                                                                                                                                                                                           prettier/prettier
  422:1   warning  Replace `············` with `··········`                                                                                                                                                                                              prettier/prettier
  423:1   warning  Delete `··`                                                                                                                                                                                                                           prettier/prettier
  424:1   warning  Delete `··`                                                                                                                                                                                                                           prettier/prettier
  425:11  warning  Delete `··`                                                                                                                                                                                                                           prettier/prettier
  426:1   warning  Delete `··`                                                                                                                                                                                                                           prettier/prettier
  427:1   warning  Replace `··············` with `············`                                                                                                                                                                                          prettier/prettier
  428:15  warning  Delete `··`                                                                                                                                                                                                                           prettier/prettier
  429:1   warning  Delete `··`                                                                                                                                                                                                                           prettier/prettier
  430:13  warning  Delete `··`                                                                                                                                                                                                                           prettier/prettier
  431:1   warning  Delete `··`                                                                                                                                                                                                                           prettier/prettier
  432:11  warning  Delete `··`                                                                                                                                                                                                                           prettier/prettier
  433:1   warning  Delete `··`                                                                                                                                                                                                                           prettier/prettier
  434:1   warning  Replace `··············` with `············`                                                                                                                                                                                          prettier/prettier
  435:1   warning  Delete `··`                                                                                                                                                                                                                           prettier/prettier
  436:1   warning  Replace `··············` with `············`                                                                                                                                                                                          prettier/prettier
  437:11  warning  Delete `··`                                                                                                                                                                                                                           prettier/prettier
  438:1   warning  Delete `··`                                                                                                                                                                                                                           prettier/prettier
  439:11  warning  Delete `··`                                                                                                                                                                                                                           prettier/prettier
  440:1   warning  Delete `··`                                                                                                                                                                                                                           prettier/prettier

/Users/I584745/CODE/tools.sap.com/value-accelerator-client/client/src/valueAccelerator/Components/PublishDialog/usePublishDialogHelpers.tsx
  172:6  warning  React Hook useMemo has a missing dependency: 'publishedPackage?.id'. Either include it or remove the dependency array  react-hooks/exhaustive-deps

/Users/I584745/CODE/tools.sap.com/value-accelerator-client/client/src/valueAccelerator/Components/PublishDialog/usePublishDialogInit.tsx
  76:6  warning  React Hook useMemo has an unnecessary dependency: 'publishedPackage.imageUrl'. Either exclude it or remove the dependency array  react-hooks/exhaustive-deps

/Users/I584745/CODE/tools.sap.com/value-accelerator-client/client/src/valueAccelerator/Components/WizardContents/ExportSteps/AcceleratorDetailsForm/helpers/useDetailsStepHandler.ts
  4:3  warning  'ExportPackageSchema' is defined but never used  @typescript-eslint/no-unused-vars

/Users/I584745/CODE/tools.sap.com/value-accelerator-client/client/src/valueAccelerator/Components/WizardContents/ExportSteps/AcceleratorDetailsForm/index.tsx
  14:3  warning  'FioriInput' is defined but never used  @typescript-eslint/no-unused-vars

✖ 129 problems (0 errors, 129 warnings)
  0 errors and 107 warnings potentially fixable with the `--fix` option.
 @ http://localhost:3006/g/statics/suite-shell/static/js/7778.10f94e2f.js:478
[  352705ms] [ERROR] [webpack-dev-server] Errors while compiling. Reload prevented. @ http://localhost:3006/g/statics/suite-shell/static/js/7778.10f94e2f.js:478
[  352705ms] [ERROR] [webpack-dev-server] ERROR in ./src/valueAccelerator/Components/Shared/ContentAnalyticalTable.tsx
Module build failed (from ./node_modules/babel-loader/lib/index.js):
SyntaxError: /Users/I584745/CODE/tools.sap.com/value-accelerator-client/client/src/valueAccelerator/Components/Shared/ContentAnalyticalTable.tsx: Adjacent JSX elements must be wrapped in an enclosing tag. Did you want a JSX fragment <>...</>? (103:4)

  101 |         />
  102 |       </div>
> 103 |     </div>
      |     ^
  104 |   );
  105 | };
  106 |
    at constructor (/Users/I584745/CODE/tools.sap.com/value-accelerator-client/client/node_modules/@babel/parser/lib/index.js:365:19)
    at TypeScriptParserMixin.raise (/Users/I584745/CODE/tools.sap.com/value-accelerator-client/client/node_modules/@babel/parser/lib/index.js:6616:19)
    at TypeScriptParserMixin.jsxParseElementAt (/Users/I584745/CODE/tools.sap.com/value-accelerator-client/client/node_modules/@babel/parser/lib/index.js:4754:18)
    at TypeScriptParserMixin.jsxParseElement (/Users/I584745/CODE/tools.sap.com/value-accelerator-client/client/node_modules/@babel/parser/lib/index.js:4761:17)
    at TypeScriptParserMixin.parseExprAtom (/Users/I584745/CODE/tools.sap.com/value-accelerator-client/client/node_modules/@babel/parser/lib/index.js:4771:19)
    at TypeScriptParserMixin.parseExprSubscripts (/Users/I584745/CODE/tools.sap.com/value-accelerator-client/client/node_modules/@babel/parser/lib/index.js:11098:23)
    at TypeScriptParserMixin.parseUpdate (/Users/I584745/CODE/tools.sap.com/value-accelerator-client/client/node_modules/@babel/parser/lib/index.js:11083:21)
    at TypeScriptParserMixin.parseMaybeUnary (/Users/I584745/CODE/tools.sap.com/value-accelerator-client/client/node_modules/@babel/parser/lib/index.js:11063:23)
    at TypeScriptParserMixin.parseMaybeUnary (/Users/I584745/CODE/tools.sap.com/value-accelerator-client/client/node_modules/@babel/parser/lib/index.js:9854:18)
    at TypeScriptParserMixin.parseMaybeUnaryOrPrivate (/Users/I584745/CODE/tools.sap.com/value-accelerator-client/client/node_modules/@babel/parser/lib/index.js:10916:61)
    at TypeScriptParserMixin.parseExprOps (/Users/I584745/CODE/tools.sap.com/value-accelerator-client/client/node_modules/@babel/parser/lib/index.js:10921:23)
    at TypeScriptParserMixin.parseMaybeConditional (/Users/I584745/CODE/tools.sap.com/value-accelerator-client/client/node_modules/@babel/parser/lib/index.js:10898:23)
    at TypeScriptParserMixin.parseMaybeAssign (/Users/I584745/CODE/tools.sap.com/value-accelerator-client/client/node_modules/@babel/parser/lib/index.js:10848:21)
    at /Users/I584745/CODE/tools.sap.com/value-accelerator-client/client/node_modules/@babel/parser/lib/index.js:9792:39
    at TypeScriptParserMixin.tryParse (/Users/I584745/CODE/tools.sap.com/value-accelerator-client/client/node_modules/@babel/parser/lib/index.js:6924:20)
    at TypeScriptParserMixin.parseMaybeAssign (/Users/I584745/CODE/tools.sap.com/value-accelerator-client/client/node_modules/@babel/parser/lib/index.js:9792:18)
    at /Users/I584745/CODE/tools.sap.com/value-accelerator-client/client/node_modules/@babel/parser/lib/index.js:10817:39
    at TypeScriptParserMixin.allowInAnd (/Users/I584745/CODE/tools.sap.com/value-accelerator-client/client/node_modules/@babel/parser/lib/index.js:12443:12)
    at TypeScriptParserMixin.parseMaybeAssignAllowIn (/Users/I584745/CODE/tools.sap.com/value-accelerator-client/client/node_modules/@babel/parser/lib/index.js:10817:17)
    at TypeScriptParserMixin.parseMaybeAssignAllowInOrVoidPattern (/Users/I584745/CODE/tools.sap.com/value-accelerator-client/client/node_modules/@babel/parser/lib/index.js:12510:17)
    at TypeScriptParserMixin.parseParenAndDistinguishExpression (/Users/I584745/CODE/tools.sap.com/value-accelerator-client/client/node_modules/@babel/parser/lib/index.js:11692:28)
    at TypeScriptParserMixin.parseExprAtom (/Users/I584745/CODE/tools.sap.com/value-accelerator-client/client/node_modules/@babel/parser/lib/index.js:11348:23)
    at TypeScriptParserMixin.parseExprAtom (/Users/I584745/CODE/tools.sap.com/value-accelerator-client/client/node_modules/@babel/parser/lib/index.js:4776:20)
    at TypeScriptParserMixin.parseExprSubscripts (/Users/I584745/CODE/tools.sap.com/value-accelerator-client/client/node_modules/@babel/parser/lib/index.js:11098:23)
    at TypeScriptParserMixin.parseUpdate (/Users/I584745/CODE/tools.sap.com/value-accelerator-client/client/node_modules/@babel/parser/lib/index.js:11083:21)
    at TypeScriptParserMixin.parseMaybeUnary (/Users/I584745/CODE/tools.sap.com/value-accelerator-client/client/node_modules/@babel/parser/lib/index.js:11063:23)
    at TypeScriptParserMixin.parseMaybeUnary (/Users/I584745/CODE/tools.sap.com/value-accelerator-client/client/node_modules/@babel/parser/lib/index.js:9854:18)
    at TypeScriptParserMixin.parseMaybeUnaryOrPrivate (/Users/I584745/CODE/tools.sap.com/value-accelerator-client/client/node_modules/@babel/parser/lib/index.js:10916:61)
    at TypeScriptParserMixin.parseExprOps (/Users/I584745/CODE/tools.sap.com/value-accelerator-client/client/node_modules/@babel/parser/lib/index.js:10921:23)
    at TypeScriptParserMixin.parseMaybeConditional (/Users/I584745/CODE/tools.sap.com/value-accelerator-client/client/node_modules/@babel/parser/lib/index.js:10898:23)
    at TypeScriptParserMixin.parseMaybeAssign (/Users/I584745/CODE/tools.sap.com/value-accelerator-client/client/node_modules/@babel/parser/lib/index.js:10848:21)
    at TypeScriptParserMixin.parseMaybeAssign (/Users/I584745/CODE/tools.sap.com/value-accelerator-client/client/node_modules/@babel/parser/lib/index.js:9803:20)
    at TypeScriptParserMixin.parseExpressionBase (/Users/I584745/CODE/tools.sap.com/value-accelerator-client/client/node_modules/@babel/parser/lib/index.js:10801:23)
    at /Users/I584745/CODE/tools.sap.com/value-accelerator-client/client/node_modules/@babel/parser/lib/index.js:10797:39
    at TypeScriptParserMixin.allowInAnd (/Users/I584745/CODE/tools.sap.com/value-accelerator-client/client/node_modules/@babel/parser/lib/index.js:12438:16)
    at TypeScriptParserMixin.parseExpression (/Users/I584745/CODE/tools.sap.com/value-accelerator-client/client/node_modules/@babel/parser/lib/index.js:10797:17)
    at TypeScriptParserMixin.parseReturnStatement (/Users/I584745/CODE/tools.sap.com/value-accelerator-client/client/node_modules/@babel/parser/lib/index.js:13159:28)
    at TypeScriptParserMixin.parseStatementContent (/Users/I584745/CODE/tools.sap.com/value-accelerator-client/client/node_modules/@babel/parser/lib/index.js:12815:21)
    at TypeScriptParserMixin.parseStatementContent (/Users/I584745/CODE/tools.sap.com/value-accelerator-client/client/node_modules/@babel/parser/lib/index.js:9525:18)
    at TypeScriptParserMixin.parseStatementLike (/Users/I584745/CODE/tools.sap.com/value-accelerator-client/client/node_modules/@babel/parser/lib/index.js:12784:17)
    at TypeScriptParserMixin.parseStatementListItem (/Users/I584745/CODE/tools.sap.com/value-accelerator-client/client/node_modules/@babel/parser/lib/index.js:12764:17)
    at TypeScriptParserMixin.parseBlockOrModuleBlockBody (/Users/I584745/CODE/tools.sap.com/value-accelerator-client/client/node_modules/@babel/parser/lib/index.js:13333:61)
    at TypeScriptParserMixin.parseBlockBody (/Users/I584745/CODE/tools.sap.com/value-accelerator-client/client/node_modules/@babel/parser/lib/index.js:13326:10)
    at TypeScriptParserMixin.parseBlock (/Users/I584745/CODE/tools.sap.com/value-accelerator-client/client/node_modules/@babel/parser/lib/index.js:13314:10)
    at TypeScriptParserMixin.parseFunctionBody (/Users/I584745/CODE/tools.sap.com/value-accelerator-client/client/node_modules/@babel/parser/lib/index.js:12117:24)
    at TypeScriptParserMixin.parseArrowExpression (/Users/I584745/CODE/tools.sap.com/value-accelerator-client/client/node_modules/@babel/parser/lib/index.js:12092:10)
    at TypeScriptParserMixin.parseParenAndDistinguishExpression (/Users/I584745/CODE/tools.sap.com/value-accelerator-client/client/node_modules/@babel/parser/lib/index.js:11704:12)
    at TypeScriptParserMixin.parseExprAtom (/Users/I584745/CODE/tools.sap.com/value-accelerator-client/client/node_modules/@babel/parser/lib/index.js:11348:23)
    at TypeScriptParserMixin.parseExprAtom (/Users/I584745/CODE/tools.sap.com/value-accelerator-client/client/node_modules/@babel/parser/lib/index.js:4776:20)
    at TypeScriptParserMixin.parseExprSubscripts (/Users/I584745/CODE/tools.sap.com/value-accelerator-client/client/node_modules/@babel/parser/lib/index.js:11098:23) @ http://localhost:3006/g/statics/suite-shell/static/js/7778.10f94e2f.js:478
[  352705ms] [ERROR] [webpack-dev-server] ERROR
[eslint] 
/Users/I584745/CODE/tools.sap.com/value-accelerator-client/client/src/valueAccelerator/Components/Shared/ContentAnalyticalTable.tsx
  103:4  error  Parsing error: ')' expected

✖ 1 problem (1 error, 0 warnings)
 @ http://localhost:3006/g/statics/suite-shell/static/js/7778.10f94e2f.js:478
[  352705ms] [ERROR] [webpack-dev-server] ERROR in ./src/valueAccelerator/Components/Shared/ContentAnalyticalTable.tsx:103:5
TS1005: ')' expected.
    101 |         />
    102 |       </div>
  > 103 |     </div>
        |     ^^
    104 |   );
    105 | };
    106 | @ http://localhost:3006/g/statics/suite-shell/static/js/7778.10f94e2f.js:478
[  352705ms] [ERROR] [webpack-dev-server] ERROR in ./src/valueAccelerator/Components/Shared/ContentAnalyticalTable.tsx:103:7
TS2304: Cannot find name 'div'.
    101 |         />
    102 |       </div>
  > 103 |     </div>
        |       ^^^
    104 |   );
    105 | };
    106 | @ http://localhost:3006/g/statics/suite-shell/static/js/7778.10f94e2f.js:478
[  352705ms] [ERROR] [webpack-dev-server] ERROR in ./src/valueAccelerator/Components/Shared/ContentAnalyticalTable.tsx:104:3
TS1109: Expression expected.
    102 |       </div>
    103 |     </div>
  > 104 |   );
        |   ^
    105 | };
    106 | @ http://localhost:3006/g/statics/suite-shell/static/js/7778.10f94e2f.js:478
[  352705ms] [ERROR] [webpack-dev-server] ERROR in ./src/valueAccelerator/Components/Shared/ContentAnalyticalTable.tsx:105:1
TS1128: Declaration or statement expected.
    103 |     </div>
    104 |   );
  > 105 | };
        | ^
    106 | @ http://localhost:3006/g/statics/suite-shell/static/js/7778.10f94e2f.js:478
[  353466ms] [WARNING] Lit is in dev mode. Not recommended for production! See https://lit.dev/msg/dev-mode for more information. @ http://localhost:3006/g/statics/suite-shell/static/js/7778.10f94e2f.js:478
[  353466ms] [WARNING] Multiple versions of Lit loaded. Loading multiple versions is not recommended. See https://lit.dev/msg/multiple-versions for more information. @ http://localhost:3006/g/statics/suite-shell/static/js/7778.10f94e2f.js:478
[  353567ms] [WARNING] [LocaleData] Falling back to loading "en" locale data from CDN. For production usage, please configure locale data loading via the "Assets.js" module of the webcomponents package you are using. @ http://localhost:3006/g/statics/suite-shell/static/js/7778.10f94e2f.js:478
[  353567ms] [ERROR] Connecting to 'https://cdn.jsdelivr.net/npm/@openui5/sap.ui.core@1.120.17/src/sap/ui/core/cldr/en.json' violates the following Content Security Policy directive: "connect-src 'self' https://*.signav.io https://*.ingest.sentry.io https://ct.capterra.com https://*.signavio.com https://sapui5.hana.ondemand.com https://sdk.openui5.org https://staging-assets.signavio.com https://*.orbit.sig-conn.on.dwc.tools.sap https://sig-conn.cdn.cloud.sap https://*.apm.services.cloud.sap https://*.apm.services.cloud.sap:9999 https://siteintercept.qualtrics.com https://*.siteintercept.qualtrics.com https://*.cloud.sap https://*.px.cloud.sap https://*.launchdarkly.com https://*.pendo.io https://*.walkme.cloud.sap https://consent-pref.trustarc.com https://consent.trustarc.com https://*.projectorca.cloud https://*.sapanalytics.cloud https://*.hcs.cloud.sap https://bpi-hotfix-secval-tenant-process-insights-hotfix-xls.cfapps.eu10-004.hana.ondemand.com https://bpi-hotfix-discovery-e2e-process-insights-hotfix-xls.cfapps.eu10-004.hana.ondemand.com https://bpi-qa-process-insights-qa.cfapps.eu10.hana.ondemand.com https://process-insights-hotfix-xls.cfapps.eu10-004.hana.ondemand.com https://process-insights-qa.cfapps.eu10.hana.ondemand.com https://pins-mas-joule-integration-qa-process-insights-qa.cfapps.eu10.hana.ondemand.com https://hacking-simulation-process-insights-qa.cfapps.eu10.hana.ondemand.com https://www.recaptcha.net https://www.gstatic.com/recaptcha/ https://www.gstatic.cn/recaptcha/ https://transformation-advisor-staging.cfapps.eu12.hana.ondemand.com https://transformation-advisor-staging-api.cfapps.eu12.hana.ondemand.com https://val-upload-staging-eu-254788917140.s3.eu-central-1.amazonaws.com https://workflow-staging.signavio.com https://app.launchdarkly.com https://events.launchdarkly.com". The action has been blocked. @ http://localhost:3006/g/statics/suite-shell/static/js/7778.10f94e2f.js:488
[  353569ms] [ERROR] Fetch API cannot load https://cdn.jsdelivr.net/npm/@openui5/sap.ui.core@1.120.17/src/sap/ui/core/cldr/en.json. Refused to connect because it violates the document's Content Security Policy. @ http://localhost:3006/g/statics/suite-shell/static/js/7778.10f94e2f.js:488
[  353592ms] [ERROR] Failed to fetch (cdn.jsdelivr.net) @ http://localhost:3006/g/statics/suite-shell/static/js/7778.10f94e2f.js:478
[  353602ms] [ERROR] Error: Module build failed (from ./node_modules/babel-loader/lib/index.js):
SyntaxError: /Users/I584745/CODE/tools.sap.com/value-accelerator-client/client/src/valueAccelerator/Components/Shared/ContentAnalyticalTable.tsx: Adjacent JSX elements must be wrapped in an enclosing tag. Did you want a JSX fragment <>...</>? (103:4)

[0m [90m 101 |[39m         [33m/[39m[33m>[39m
 [90m 102 |[39m       [33m<[39m[33m/[39m[33mdiv[39m[33m>[39m
[31m[1m>[22m[39m[90m 103 |[39m     [33m<[39m[33m/[39m[33mdiv[39m[33m>[39m
 [90m     |[39m     [31m[1m^[22m[39m
 [90m 104 |[39m   )[33m;[39m
 [90m 105 |[39m }[33m;[39m
 [90m 106 |[39m[0m
    at constructor (/Users/I584745/CODE/tools.sap.com/value-accelerator-client/client/node_modules/@babel/parser/lib/index.js:365:19)
    at TypeScriptParserMixin.raise (/Users/I584745/CODE/tools.sap.com/value-accelerator-client/client/node_modules/@babel/parser/lib/index.js:6616:19)
    at TypeScriptParserMixin.jsxParseElementAt (/Users/I584745/CODE/tools.sap.com/value-accelerator-client/client/node_modules/@babel/parser/lib/index.js:4754:18)
    at TypeScriptParserMixin.jsxParseElement (/Users/I584745/CODE/tools.sap.com/value-accelerator-client/client/node_modules/@babel/parser/lib/index.js:4761:17)
    at TypeScriptParserMixin.parseExprAtom (/Users/I584745/CODE/tools.sap.com/value-accelerator-client/client/node_modules/@babel/parser/lib/index.js:4771:19)
    at TypeScriptParserMixin.parseExprSubscripts (/Users/I584745/CODE/tools.sap.com/value-accelerator-client/client/node_modules/@babel/parser/lib/index.js:11098:23)
    at TypeScriptParserMixin.parseUpdate (/Users/I584745/CODE/tools.sap.com/value-accelerator-client/client/node_modules/@babel/parser/lib/index.js:11083:21)
    at TypeScriptParserMixin.parseMaybeUnary (/Users/I584745/CODE/tools.sap.com/value-accelerator-client/client/node_modules/@babel/parser/lib/index.js:11063:23)
    at TypeScriptParserMixin.parseMaybeUnary (/Users/I584745/CODE/tools.sap.com/value-accelerator-client/client/node_modules/@babel/parser/lib/index.js:9854:18)
    at TypeScriptParserMixin.parseMaybeUnaryOrPrivate (/Users/I584745/CODE/tools.sap.com/value-accelerator-client/client/node_modules/@babel/parser/lib/index.js:10916:61)
    at TypeScriptParserMixin.parseExprOps (/Users/I584745/CODE/tools.sap.com/value-accelerator-client/client/node_modules/@babel/parser/lib/index.js:10921:23)
    at TypeScriptParserMixin.parseMaybeConditional (/Users/I584745/CODE/tools.sap.com/value-accelerator-client/client/node_modules/@babel/parser/lib/index.js:10898:23)
    at TypeScriptParserMixin.parseMaybeAssign (/Users/I584745/CODE/tools.sap.com/value-accelerator-client/client/node_modules/@babel/parser/lib/index.js:10848:21)
    at /Users/I584745/CODE/tools.sap.com/value-accelerator-client/client/node_modules/@babel/parser/lib/index.js:9792:39
    at TypeScriptParserMixin.tryParse (/Users/I584745/CODE/tools.sap.com/value-accelerator-client/client/node_modules/@babel/parser/lib/index.js:6924:20)
    at TypeScriptParserMixin.parseMaybeAssign (/Users/I584745/CODE/tools.sap.com/value-accelerator-client/client/node_modules/@babel/parser/lib/index.js:9792:18)
    at /Users/I584745/CODE/tools.sap.com/value-accelerator-client/client/node_modules/@babel/parser/lib/index.js:10817:39
    at TypeScriptParserMixin.allowInAnd (/Users/I584745/CODE/tools.sap.com/value-accelerator-client/client/node_modules/@babel/parser/lib/index.js:12443:12)
    at TypeScriptParserMixin.parseMaybeAssignAllowIn (/Users/I584745/CODE/tools.sap.com/value-accelerator-client/client/node_modules/@babel/parser/lib/index.js:10817:17)
    at TypeScriptParserMixin.parseMaybeAssignAllowInOrVoidPattern (/Users/I584745/CODE/tools.sap.com/value-accelerator-client/client/node_modules/@babel/parser/lib/index.js:12510:17)
    at TypeScriptParserMixin.parseParenAndDistinguishExpression (/Users/I584745/CODE/tools.sap.com/value-accelerator-client/client/node_modules/@babel/parser/lib/index.js:11692:28)
    at TypeScriptParserMixin.parseExprAtom (/Users/I584745/CODE/tools.sap.com/value-accelerator-client/client/node_modules/@babel/parser/lib/index.js:11348:23)
    at TypeScriptParserMixin.parseExprAtom (/Users/I584745/CODE/tools.sap.com/value-accelerator-client/client/node_modules/@babel/parser/lib/index.js:4776:20)
    at TypeScriptParserMixin.parseExprSubscripts (/Users/I584745/CODE/tools.sap.com/value-accelerator-client/client/node_modules/@babel/parser/lib/index.js:11098:23)
    at TypeScriptParserMixin.parseUpdate (/Users/I584745/CODE/tools.sap.com/value-accelerator-client/client/node_modules/@babel/parser/lib/index.js:11083:21)
    at TypeScriptParserMixin.parseMaybeUnary (/Users/I584745/CODE/tools.sap.com/value-accelerator-client/client/node_modules/@babel/parser/lib/index.js:11063:23)
    at TypeScriptParserMixin.parseMaybeUnary (/Users/I584745/CODE/tools.sap.com/value-accelerator-client/client/node_modules/@babel/parser/lib/index.js:9854:18)
    at TypeScriptParserMixin.parseMaybeUnaryOrPrivate (/Users/I584745/CODE/tools.sap.com/value-accelerator-client/client/node_modules/@babel/parser/lib/index.js:10916:61)
    at TypeScriptParserMixin.parseExprOps (/Users/I584745/CODE/tools.sap.com/value-accelerator-client/client/node_modules/@babel/parser/lib/index.js:10921:23)
    at TypeScriptParserMixin.parseMaybeConditional (/Users/I584745/CODE/tools.sap.com/value-accelerator-client/client/node_modules/@babel/parser/lib/index.js:10898:23)
    at TypeScriptParserMixin.parseMaybeAssign (/Users/I584745/CODE/tools.sap.com/value-accelerator-client/client/node_modules/@babel/parser/lib/index.js:10848:21)
    at TypeScriptParserMixin.parseMaybeAssign (/Users/I584745/CODE/tools.sap.com/value-accelerator-client/client/node_modules/@babel/parser/lib/index.js:9803:20)
    at TypeScriptParserMixin.parseExpressionBase (/Users/I584745/CODE/tools.sap.com/value-accelerator-client/client/node_modules/@babel/parser/lib/index.js:10801:23)
    at /Users/I584745/CODE/tools.sap.com/value-accelerator-client/client/node_modules/@babel/parser/lib/index.js:10797:39
    at TypeScriptParserMixin.allowInAnd (/Users/I584745/CODE/tools.sap.com/value-accelerator-client/client/node_modules/@babel/parser/lib/index.js:12438:16)
    at TypeScriptParserMixin.parseExpression (/Users/I584745/CODE/tools.sap.com/value-accelerator-client/client/node_modules/@babel/parser/lib/index.js:10797:17)
    at TypeScriptParserMixin.parseReturnStatement (/Users/I584745/CODE/tools.sap.com/value-accelerator-client/client/node_modules/@babel/parser/lib/index.js:13159:28)
    at TypeScriptParserMixin.parseStatementContent (/Users/I584745/CODE/tools.sap.com/value-accelerator-client/client/node_modules/@babel/parser/lib/index.js:12815:21)
    at TypeScriptParserMixin.parseStatementContent (/Users/I584745/CODE/tools.sap.com/value-accelerator-client/client/node_modules/@babel/parser/lib/index.js:9525:18)
    at TypeScriptParserMixin.parseStatementLike (/Users/I584745/CODE/tools.sap.com/value-accelerator-client/client/node_modules/@babel/parser/lib/index.js:12784:17)
    at TypeScriptParserMixin.parseStatementListItem (/Users/I584745/CODE/tools.sap.com/value-accelerator-client/client/node_modules/@babel/parser/lib/index.js:12764:17)
    at TypeScriptParserMixin.parseBlockOrModuleBlockBody (/Users/I584745/CODE/tools.sap.com/value-accelerator-client/client/node_modules/@babel/parser/lib/index.js:13333:61)
    at TypeScriptParserMixin.parseBlockBody (/Users/I584745/CODE/tools.sap.com/value-accelerator-client/client/node_modules/@babel/parser/lib/index.js:13326:10)
    at TypeScriptParserMixin.parseBlock (/Users/I584745/CODE/tools.sap.com/value-accelerator-client/client/node_modules/@babel/parser/lib/index.js:13314:10)
    at TypeScriptParserMixin.parseFunctionBody (/Users/I584745/CODE/tools.sap.com/value-accelerator-client/client/node_modules/@babel/parser/lib/index.js:12117:24)
    at TypeScriptParserMixin.parseArrowExpression (/Users/I584745/CODE/tools.sap.com/value-accelerator-client/client/node_modules/@babel/parser/lib/index.js:12092:10)
    at TypeScriptParserMixin.parseParenAndDistinguishExpression (/Users/I584745/CODE/tools.sap.com/value-accelerator-client/client/node_modules/@babel/parser/lib/index.js:11704:12)
    at TypeScriptParserMixin.parseExprAtom (/Users/I584745/CODE/tools.sap.com/value-accelerator-client/client/node_modules/@babel/parser/lib/index.js:11348:23)
    at TypeScriptParserMixin.parseExprAtom (/Users/I584745/CODE/tools.sap.com/value-accelerator-client/client/node_modules/@babel/parser/lib/index.js:4776:20)
    at TypeScriptParserMixin.parseExprSubscripts (/Users/I584745/CODE/tools.sap.com/value-accelerator-client/client/node_modules/@babel/parser/lib/index.js:11098:23)
    at constructor (/Users/I584745/CODE/tools.sap.com/value-accelerator-client/client/node_modules/@babel/parser/lib/index.js:365:19)
    at TypeScriptParserMixin.raise (/Users/I584745/CODE/tools.sap.com/value-accelerator-client/client/node_modules/@babel/parser/lib/index.js:6616:19)
    at TypeScriptParserMixin.jsxParseElementAt (/Users/I584745/CODE/tools.sap.com/value-accelerator-client/client/node_modules/@babel/parser/lib/index.js:4754:18)
    at TypeScriptParserMixin.jsxParseElement (/Users/I584745/CODE/tools.sap.com/value-accelerator-client/client/node_modules/@babel/parser/lib/index.js:4761:17)
    at TypeScriptParserMixin.parseExprAtom (/Users/I584745/CODE/tools.sap.com/value-accelerator-client/client/node_modules/@babel/parser/lib/index.js:4771:19)
    at TypeScriptParserMixin.parseExprSubscripts (/Users/I584745/CODE/tools.sap.com/value-accelerator-client/client/node_modules/@babel/parser/lib/index.js:11098:23)
    at TypeScriptParserMixin.parseUpdate (/Users/I584745/CODE/tools.sap.com/value-accelerator-client/client/node_modules/@babel/parser/lib/index.js:11083:21)
    at TypeScriptParserMixin.parseMaybeUnary (/Users/I584745/CODE/tools.sap.com/value-accelerator-client/client/node_modules/@babel/parser/lib/index.js:11063:23)
    at TypeScriptParserMixin.parseMaybeUnary (/Users/I584745/CODE/tools.sap.com/value-accelerator-client/client/node_modules/@babel/parser/lib/index.js:9854:18)
    at TypeScriptParserMixin.parseMaybeUnaryOrPrivate (/Users/I584745/CODE/tools.sap.com/value-accelerator-client/client/node_modules/@babel/parser/lib/index.js:10916:61)
    at TypeScriptParserMixin.parseExprOps (/Users/I584745/CODE/tools.sap.com/value-accelerator-client/client/node_modules/@babel/parser/lib/index.js:10921:23)
    at TypeScriptParserMixin.parseMaybeConditional (/Users/I584745/CODE/tools.sap.com/value-accelerator-client/client/node_modules/@babel/parser/lib/index.js:10898:23)
    at TypeScriptParserMixin.parseMaybeAssign (/Users/I584745/CODE/tools.sap.com/value-accelerator-client/client/node_modules/@babel/parser/lib/index.js:10848:21)
    at /Users/I584745/CODE/tools.sap.com/value-accelerator-client/client/node_modules/@babel/parser/lib/index.js:9792:39
    at TypeScriptParserMixin.tryParse (/Users/I584745/CODE/tools.sap.com/value-accelerator-client/client/node_modules/@babel/parser/lib/index.js:6924:20)
    at TypeScriptParserMixin.parseMaybeAssign (/Users/I584745/CODE/tools.sap.com/value-accelerator-client/client/node_modules/@babel/parser/lib/index.js:9792:18)
    at /Users/I584745/CODE/tools.sap.com/value-accelerator-client/client/node_modules/@babel/parser/lib/index.js:10817:39
    at TypeScriptParserMixin.allowInAnd (/Users/I584745/CODE/tools.sap.com/value-accelerator-client/client/node_modules/@babel/parser/lib/index.js:12443:12)
    at TypeScriptParserMixin.parseMaybeAssignAllowIn (/Users/I584745/CODE/tools.sap.com/value-accelerator-client/client/node_modules/@babel/parser/lib/index.js:10817:17)
    at TypeScriptParserMixin.parseMaybeAssignAllowInOrVoidPattern (/Users/I584745/CODE/tools.sap.com/value-accelerator-client/client/node_modules/@babel/parser/lib/index.js:12510:17)
    at TypeScriptParserMixin.parseParenAndDistinguishExpression (/Users/I584745/CODE/tools.sap.com/value-accelerator-client/client/node_modules/@babel/parser/lib/index.js:11692:28)
    at TypeScriptParserMixin.parseExprAtom (/Users/I584745/CODE/tools.sap.com/value-accelerator-client/client/node_modules/@babel/parser/lib/index.js:11348:23)
    at TypeScriptParserMixin.parseExprAtom (/Users/I584745/CODE/tools.sap.com/value-accelerator-client/client/node_modules/@babel/parser/lib/index.js:4776:20)
    at TypeScriptParserMixin.parseExprSubscripts (/Users/I584745/CODE/tools.sap.com/value-accelerator-client/client/node_modules/@babel/parser/lib/index.js:11098:23)
    at TypeScriptParserMixin.parseUpdate (/Users/I584745/CODE/tools.sap.com/value-accelerator-client/client/node_modules/@babel/parser/lib/index.js:11083:21)
    at TypeScriptParserMixin.parseMaybeUnary (/Users/I584745/CODE/tools.sap.com/value-accelerator-client/client/node_modules/@babel/parser/lib/index.js:11063:23)
    at TypeScriptParserMixin.parseMaybeUnary (/Users/I584745/CODE/tools.sap.com/value-accelerator-client/client/node_modules/@babel/parser/lib/index.js:9854:18)
    at TypeScriptParserMixin.parseMaybeUnaryOrPrivate (/Users/I584745/CODE/tools.sap.com/value-accelerator-client/client/node_modules/@babel/parser/lib/index.js:10916:61)
    at TypeScriptParserMixin.parseExprOps (/Users/I584745/CODE/tools.sap.com/value-accelerator-client/client/node_modules/@babel/parser/lib/index.js:10921:23)
    at TypeScriptParserMixin.parseMaybeConditional (/Users/I584745/CODE/tools.sap.com/value-accelerator-client/client/node_modules/@babel/parser/lib/index.js:10898:23)
    at TypeScriptParserMixin.parseMaybeAssign (/Users/I584745/CODE/tools.sap.com/value-accelerator-client/client/node_modules/@babel/parser/lib/index.js:10848:21)
    at TypeScriptParserMixin.parseMaybeAssign (/Users/I584745/CODE/tools.sap.com/value-accelerator-client/client/node_modules/@babel/parser/lib/index.js:9803:20)
    at TypeScriptParserMixin.parseExpressionBase (/Users/I584745/CODE/tools.sap.com/value-accelerator-client/client/node_modules/@babel/parser/lib/index.js:10801:23)
    at /Users/I584745/CODE/tools.sap.com/value-accelerator-client/client/node_modules/@babel/parser/lib/index.js:10797:39
    at TypeScriptParserMixin.allowInAnd (/Users/I584745/CODE/tools.sap.com/value-accelerator-client/client/node_modules/@babel/parser/lib/index.js:12438:16)
    at TypeScriptParserMixin.parseExpression (/Users/I584745/CODE/tools.sap.com/value-accelerator-client/client/node_modules/@babel/parser/lib/index.js:10797:17)
    at TypeScriptParserMixin.parseReturnStatement (/Users/I584745/CODE/tools.sap.com/value-accelerator-client/client/node_modules/@babel/parser/lib/index.js:13159:28)
    at TypeScriptParserMixin.parseStatementContent (/Users/I584745/CODE/tools.sap.com/value-accelerator-client/client/node_modules/@babel/parser/lib/index.js:12815:21)
    at TypeScriptParserMixin.parseStatementContent (/Users/I584745/CODE/tools.sap.com/value-accelerator-client/client/node_modules/@babel/parser/lib/index.js:9525:18)
    at TypeScriptParserMixin.parseStatementLike (/Users/I584745/CODE/tools.sap.com/value-accelerator-client/client/node_modules/@babel/parser/lib/index.js:12784:17)
    at TypeScriptParserMixin.parseStatementListItem (/Users/I584745/CODE/tools.sap.com/value-accelerator-client/client/node_modules/@babel/parser/lib/index.js:12764:17)
    at TypeScriptParserMixin.parseBlockOrModuleBlockBody (/Users/I584745/CODE/tools.sap.com/value-accelerator-client/client/node_modules/@babel/parser/lib/index.js:13333:61)
    at TypeScriptParserMixin.parseBlockBody (/Users/I584745/CODE/tools.sap.com/value-accelerator-client/client/node_modules/@babel/parser/lib/index.js:13326:10)
    at TypeScriptParserMixin.parseBlock (/Users/I584745/CODE/tools.sap.com/value-accelerator-client/client/node_modules/@babel/parser/lib/index.js:13314:10)
    at TypeScriptParserMixin.parseFunctionBody (/Users/I584745/CODE/tools.sap.com/value-accelerator-client/client/node_modules/@babel/parser/lib/index.js:12117:24)
    at TypeScriptParserMixin.parseArrowExpression (/Users/I584745/CODE/tools.sap.com/value-accelerator-client/client/node_modules/@babel/parser/lib/index.js:12092:10)
    at TypeScriptParserMixin.parseParenAndDistinguishExpression (/Users/I584745/CODE/tools.sap.com/value-accelerator-client/client/node_modules/@babel/parser/lib/index.js:11704:12)
    at TypeScriptParserMixin.parseExprAtom (/Users/I584745/CODE/tools.sap.com/value-accelerator-client/client/node_modules/@babel/parser/lib/index.js:11348:23)
    at TypeScriptParserMixin.parseExprAtom (/Users/I584745/CODE/tools.sap.com/value-accelerator-client/client/node_modules/@babel/parser/lib/index.js:4776:20)
    at TypeScriptParserMixin.parseExprSubscripts (/Users/I584745/CODE/tools.sap.com/value-accelerator-client/client/node_modules/@babel/parser/lib/index.js:11098:23)
    at ./src/valueAccelerator/Components/Shared/ContentAnalyticalTable.tsx (http://localhost:3006/src_valueAccelerator_Components_CreateNewAccelerator_index_ts-src_valueAccelerator_Components-a063a5.chunk.js:81950:7)
    at __webpack_require__ (http://localhost:3006/g/statics/val-client/static/js/remoteEntry.js?v=1787039993992:3817:32)
    at fn (http://localhost:3006/g/statics/val-client/static/js/remoteEntry.js?v=1787039993992:4138:21)
    at ./src/valueAccelerator/Components/AcceleratorDetails/Tabs/Content/AcceleratorDetailsContent.tsx (http://localhost:3006/src_valueAccelerator_Components_CreateNewAccelerator_index_ts-src_valueAccelerator_Components-a063a5.chunk.js:5692:31)
    at __webpack_require__ (http://localhost:3006/g/statics/val-client/static/js/remoteEntry.js?v=1787039993992:3817:32)
    at fn (http://localhost:3006/g/statics/val-client/static/js/remoteEntry.js?v=1787039993992:4138:21)
    at ./src/valueAccelerator/Components/AcceleratorDetails/Tabs/Content/AcceleratorDetailsContentWrapper.tsx (http://localhost:3006/src_modules_GalleryModule_tsx.chunk.js:8155:34)
    at __webpack_require__ (http://localhost:3006/g/statics/val-client/static/js/remoteEntry.js?v=1787039993992:3817:32)
    at fn (http://localhost:3006/g/statics/val-client/static/js/remoteEntry.js?v=1787039993992:4138:21)
    at ./src/valueAccelerator/Components/AcceleratorDetails/AcceleratorDetails.tsx (http://localhost:3006/src_modules_GalleryModule_tsx.chunk.js:872:41)
    at __webpack_require__ (http://localhost:3006/g/statics/val-client/static/js/remoteEntry.js?v=1787039993992:3817:32)
    at fn (http://localhost:3006/g/statics/val-client/static/js/remoteEntry.js?v=1787039993992:4138:21)
    at ./src/valueAccelerator/Gallery/Gallery.tsx (http://localhost:3006/src_modules_GalleryModule_tsx.chunk.js:19840:50)
    at __webpack_require__ (http://localhost:3006/g/statics/val-client/static/js/remoteEntry.js?v=1787039993992:3817:32)
    at fn (http://localhost:3006/g/statics/val-client/static/js/remoteEntry.js?v=1787039993992:4138:21)
    at ./src/valueAccelerator/Gallery/index.ts (http://localhost:3006/src_modules_GalleryModule_tsx.chunk.js:20504:16)
    at __webpack_require__ (http://localhost:3006/g/statics/val-client/static/js/remoteEntry.js?v=1787039993992:3817:32)
    at fn (http://localhost:3006/g/statics/val-client/static/js/remoteEntry.js?v=1787039993992:4138:21)
    at ./src/modules/GalleryModule.tsx (http://localhost:3006/src_modules_GalleryModule_tsx.chunk.js:17:16)
    at __webpack_require__ (http://localhost:3006/g/statics/val-client/static/js/remoteEntry.js?v=1787039993992:3817:32)
    at fn (http://localhost:3006/g/statics/val-client/static/js/remoteEntry.js?v=1787039993992:4138:21)
    at http://localhost:3006/g/statics/val-client/static/js/remoteEntry.js?v=1787039993992:3744:1243
    at http://localhost:3006/g/statics/suite-shell/static/js/index.1f4e97ef.js:5:4057
    at t.Module.get (http://localhost:3006/g/statics/suite-shell/static/js/index.1f4e97ef.js:5:3490)
    at async t.RemoteHandler.loadRemote (http://localhost:3006/g/statics/suite-shell/static/js/index.1f4e97ef.js:5:15735)
    at async http://localhost:3006/g/statics/suite-shell/static/js/3192.6e0288b7.js:4:331 @ http://localhost:3006/g/statics/suite-shell/static/js/7778.10f94e2f.js:478
[  353604ms] [ERROR] Failed to load resource: the server responded with a status of 404 (Not Found) @ http://localhost:3006/api/v2/cspreporting?r=5e365db47a0543e59a5854915f7bb22a&u=3c0097888e38f7c7ea9ee37ac12ce0c2&t=6e133b17c840defb44d67cd0c8787df9:0
[  360055ms] [ERROR] Failed to load resource: the server responded with a status of 401 (Unauthorized) @ http://localhost:3006/g/api/tenant-service/v1/tenants//configurations?type=walkme_settings:0
[  368129ms] [WARNING] [webpack-dev-server] Warnings while compiling. @ http://localhost:3006/g/statics/suite-shell/static/js/7778.10f94e2f.js:478
[  368133ms] [WARNING] [webpack-dev-server] WARNING
DefinePlugin
Conflicting values for 'process.env' @ http://localhost:3006/g/statics/suite-shell/static/js/7778.10f94e2f.js:478
[  368133ms] [WARNING] [webpack-dev-server] WARNING
[eslint] 
/Users/I584745/CODE/tools.sap.com/value-accelerator-client/client/src/hooks/useDownloadCsv.ts
  46:5  warning  React Hook useCallback has a missing dependency: 'containerPage'. Either include it or remove the dependency array  react-hooks/exhaustive-deps
  57:5  warning  React Hook useCallback has a missing dependency: 'containerPage'. Either include it or remove the dependency array  react-hooks/exhaustive-deps

/Users/I584745/CODE/tools.sap.com/value-accelerator-client/client/src/hooks/useEditPublishPackage.ts
  100:25  warning  Unexpected string concatenation of literals  no-useless-concat
  100:50  warning  Unexpected string concatenation of literals  no-useless-concat

/Users/I584745/CODE/tools.sap.com/value-accelerator-client/client/src/hooks/useGetImportedPackage.ts
   30:9  warning  'client' is assigned a value but never used                                                                                                               @typescript-eslint/no-unused-vars
  220:6  warning  React Hook useEffect has missing dependencies: 'error', 'id', 'newImport?.name', and 'toastMutation'. Either include them or remove the dependency array  react-hooks/exhaustive-deps

/Users/I584745/CODE/tools.sap.com/value-accelerator-client/client/src/hooks/useGetIsExportAllowed.ts
  7:10  warning  'logger' is defined but never used  @typescript-eslint/no-unused-vars

/Users/I584745/CODE/tools.sap.com/value-accelerator-client/client/src/hooks/useGetUserWorkspaces.ts
  7:10  warning  'logger' is defined but never used  @typescript-eslint/no-unused-vars

/Users/I584745/CODE/tools.sap.com/value-accelerator-client/client/src/store/selectedTreeTableStore.ts
  5:10  warning  'ContentOverviewItem' is defined but never used  @typescript-eslint/no-unused-vars

/Users/I584745/CODE/tools.sap.com/value-accelerator-client/client/src/types/importTypes.ts
  95:13  warning  'DictionaryContent' is already defined  @typescript-eslint/no-redeclare

/Users/I584745/CODE/tools.sap.com/value-accelerator-client/client/src/valueAccelerator/Components/DependencyGraph/DependencyGraph.tsx
  133:6  warning  React Hook useMemo has an unnecessary dependency: 'checkedNodes'. Either exclude it or remove the dependency array  react-hooks/exhaustive-deps

/Users/I584745/CODE/tools.sap.com/value-accelerator-client/client/src/valueAccelerator/Components/ExportedTable/ExportedTable.tsx
  488:15  warning  Delete `··`                                                       prettier/prettier
  489:15  warning  Delete `··`                                                       prettier/prettier
  490:1   warning  Delete `··`                                                       prettier/prettier
  491:17  warning  Delete `··`                                                       prettier/prettier
  493:1   warning  Delete `··`                                                       prettier/prettier
  494:1   warning  Delete `··`                                                       prettier/prettier
  495:21  warning  Delete `··`                                                       prettier/prettier
  496:1   warning  Delete `··`                                                       prettier/prettier
  497:1   warning  Delete `··`                                                       prettier/prettier
  498:17  warning  Delete `··`                                                       prettier/prettier
  499:1   warning  Delete `··`                                                       prettier/prettier
  500:1   warning  Delete `··`                                                       prettier/prettier
  501:21  warning  Delete `··`                                                       prettier/prettier
  502:19  warning  Delete `··`                                                       prettier/prettier
  503:1   warning  Delete `··`                                                       prettier/prettier
  504:15  warning  Delete `··`                                                       prettier/prettier
  505:1   warning  Delete `··`                                                       prettier/prettier
  506:1   warning  Delete `··`                                                       prettier/prettier
  507:15  warning  Delete `··`                                                       prettier/prettier
  508:1   warning  Delete `··`                                                       prettier/prettier
  509:1   warning  Delete `··`                                                       prettier/prettier
  510:15  warning  Delete `··`                                                       prettier/prettier
  511:1   warning  Delete `··`                                                       prettier/prettier
  512:1   warning  Replace `················` with `··············`                  prettier/prettier
  513:1   warning  Delete `··`                                                       prettier/prettier
  514:19  warning  Delete `··`                                                       prettier/prettier
  515:1   warning  Replace `························` with `······················`  prettier/prettier
  516:25  warning  Delete `··`                                                       prettier/prettier
  517:21  warning  Delete `··`                                                       prettier/prettier
  518:1   warning  Replace `····················` with `··················`          prettier/prettier
  519:15  warning  Delete `··`                                                       prettier/prettier
  520:1   warning  Delete `··`                                                       prettier/prettier
  521:1   warning  Replace `··················` with `················`              prettier/prettier
  522:15  warning  Delete `··`                                                       prettier/prettier
  523:1   warning  Delete `··`                                                       prettier/prettier
  524:1   warning  Replace `················` with `··············`                  prettier/prettier
  525:1   warning  Delete `··`                                                       prettier/prettier
  526:1   warning  Delete `··`                                                       prettier/prettier
  527:1   warning  Replace `··················` with `················`              prettier/prettier
  528:15  warning  Delete `··`                                                       prettier/prettier
  529:1   warning  Delete `··`                                                       prettier/prettier
  530:1   warning  Replace `··················` with `················`              prettier/prettier
  531:1   warning  Delete `··`                                                       prettier/prettier
  532:15  warning  Delete `··`                                                       prettier/prettier
  533:1   warning  Replace `················` with `··············`                  prettier/prettier
  534:1   warning  Delete `··`                                                       prettier/prettier
  535:1   warning  Delete `··`                                                       prettier/prettier

/Users/I584745/CODE/tools.sap.com/value-accelerator-client/client/src/valueAccelerator/Components/ImportDetailsPanel/components/CustomizationsSection.tsx
  211:5  warning  'selectedName' is assigned a value but never used  @typescript-eslint/no-unused-vars

/Users/I584745/CODE/tools.sap.com/value-accelerator-client/client/src/valueAccelerator/Components/ImportDetailsPanel/components/useCustomizationSectionHelpers.ts
  429:6  warning  React Hook useEffect has a missing dependency: 'setShowTable'. Either include it or remove the dependency array. If 'setShowTable' changes too often, find the parent component that defines it and wrap that definition in useCallback  react-hooks/exhaustive-deps

/Users/I584745/CODE/tools.sap.com/value-accelerator-client/client/src/valueAccelerator/Components/ImportModal/components/SelectiveImport/SelectiveImportTreeTable.tsx
  995:33  warning  'subType' is assigned a value but never used  @typescript-eslint/no-unused-vars

/Users/I584745/CODE/tools.sap.com/value-accelerator-client/client/src/valueAccelerator/Components/ImportModal/components/SelectiveImport/TreeSearchBar.tsx
  46:6  warning  React Hook useCallback has a missing dependency: 'trackSearch'. Either include it or remove the dependency array  react-hooks/exhaustive-deps

/Users/I584745/CODE/tools.sap.com/value-accelerator-client/client/src/valueAccelerator/Components/ImportModal/helpers/useWorkspaceSelection.ts
  55:7  warning  React Hook useMemo has a complex expression in the dependency array. Extract it to a separate variable so it can be statically checked  react-hooks/exhaustive-deps
  56:7  warning  React Hook useMemo has a complex expression in the dependency array. Extract it to a separate variable so it can be statically checked  react-hooks/exhaustive-deps

/Users/I584745/CODE/tools.sap.com/value-accelerator-client/client/src/valueAccelerator/Components/ImportedPackagesTable/ImportedPackagesTable.tsx
  236:9   warning  The 'ActionsCellRow' function makes the dependencies of useMemo Hook (at line 349) change on every render. Move it inside the useMemo callback. Alternatively, wrap the definition of 'ActionsCellRow' in its own useCallback() Hook  react-hooks/exhaustive-deps
  379:11  warning  Delete `··`                                                                                                                                                                                                                           prettier/prettier
  380:11  warning  Delete `··`                                                                                                                                                                                                                           prettier/prettier
  381:1   warning  Replace `············` with `··········`                                                                                                                                                                                              prettier/prettier
  382:1   warning  Delete `··`                                                                                                                                                                                                                           prettier/prettier
  383:1   warning  Delete `··`                                                                                                                                                                                                                           prettier/prettier
  384:13  warning  Delete `··`                                                                                                                                                                                                                           prettier/prettier
  385:1   warning  Delete `··`                                                                                                                                                                                                                           prettier/prettier
  386:15  warning  Delete `··`                                                                                                                                                                                                                           prettier/prettier
  387:13  warning  Delete `··`                                                                                                                                                                                                                           prettier/prettier
  388:1   warning  Replace `············` with `··········`                                                                                                                                                                                              prettier/prettier
  389:1   warning  Delete `··`                                                                                                                                                                                                                           prettier/prettier
  390:1   warning  Delete `··`                                                                                                                                                                                                                           prettier/prettier
  392:13  warning  Delete `··`                                                                                                                                                                                                                           prettier/prettier
  393:1   warning  Delete `··`                                                                                                                                                                                                                           prettier/prettier
  394:17  warning  Delete `··`                                                                                                                                                                                                                           prettier/prettier
  395:1   warning  Delete `··`                                                                                                                                                                                                                           prettier/prettier
  396:15  warning  Delete `··`                                                                                                                                                                                                                           prettier/prettier
  397:1   warning  Delete `··`                                                                                                                                                                                                                           prettier/prettier
  398:1   warning  Replace `················` with `··············`                                                                                                                                                                                      prettier/prettier
  399:1   warning  Delete `··`                                                                                                                                                                                                                           prettier/prettier
  400:1   warning  Delete `··`                                                                                                                                                                                                                           prettier/prettier
  401:15  warning  Delete `··`                                                                                                                                                                                                                           prettier/prettier
  402:13  warning  Delete `··`                                                                                                                                                                                                                           prettier/prettier
  403:1   warning  Replace `············` with `··········`                                                                                                                                                                                              prettier/prettier
  404:1   warning  Delete `··`                                                                                                                                                                                                                           prettier/prettier
  405:11  warning  Delete `··`                                                                                                                                                                                                                           prettier/prettier
  406:11  warning  Delete `··`                                                                                                                                                                                                                           prettier/prettier
  407:1   warning  Delete `··`                                                                                                                                                                                                                           prettier/prettier
  408:11  warning  Delete `··`                                                                                                                                                                                                                           prettier/prettier
  409:1   warning  Delete `··`                                                                                                                                                                                                                           prettier/prettier
  410:1   warning  Replace `············` with `··········`                                                                                                                                                                                              prettier/prettier
  411:1   warning  Delete `··`                                                                                                                                                                                                                           prettier/prettier
  412:1   warning  Replace `················` with `··············`                                                                                                                                                                                      prettier/prettier
  413:1   warning  Replace `····················[packages.findIndex(⏎······················(p)·=>·p.importId·===·selectedImportId` with `··················[packages.findIndex((p)·=>·p.importId·===·selectedImportId)]:`                                prettier/prettier
  415:20  warning  Delete `·)]:`                                                                                                                                                                                                                         prettier/prettier
  416:17  warning  Delete `··`                                                                                                                                                                                                                           prettier/prettier
  417:1   warning  Delete `··`                                                                                                                                                                                                                           prettier/prettier
  418:11  warning  Delete `··`                                                                                                                                                                                                                           prettier/prettier
  419:1   warning  Delete `··`                                                                                                                                                                                                                           prettier/prettier
  420:1   warning  Replace `············` with `··········`                                                                                                                                                                                              prettier/prettier
  421:13  warning  Delete `··`                                                                                                                                                                                                                           prettier/prettier
  422:1   warning  Replace `············` with `··········`                                                                                                                                                                                              prettier/prettier
  423:1   warning  Delete `··`                                                                                                                                                                                                                           prettier/prettier
  424:1   warning  Delete `··`                                                                                                                                                                                                                           prettier/prettier
  425:11  warning  Delete `··`                                                                                                                                                                                                                           prettier/prettier
  426:1   warning  Delete `··`                                                                                                                                                                                                                           prettier/prettier
  427:1   warning  Replace `··············` with `············`                                                                                                                                                                                          prettier/prettier
  428:15  warning  Delete `··`                                                                                                                                                                                                                           prettier/prettier
  429:1   warning  Delete `··`                                                                                                                                                                                                                           prettier/prettier
  430:13  warning  Delete `··`                                                                                                                                                                                                                           prettier/prettier
  431:1   warning  Delete `··`                                                                                                                                                                                                                           prettier/prettier
  432:11  warning  Delete `··`                                                                                                                                                                                                                           prettier/prettier
  433:1   warning  Delete `··`                                                                                                                                                                                                                           prettier/prettier
  434:1   warning  Replace `··············` with `············`                                                                                                                                                                                          prettier/prettier
  435:1   warning  Delete `··`                                                                                                                                                                                                                           prettier/prettier
  436:1   warning  Replace `··············` with `············`                                                                                                                                                                                          prettier/prettier
  437:11  warning  Delete `··`                                                                                                                                                                                                                           prettier/prettier
  438:1   warning  Delete `··`                                                                                                                                                                                                                           prettier/prettier
  439:11  warning  Delete `··`                                                                                                                                                                                                                           prettier/prettier
  440:1   warning  Delete `··`                                                                                                                                                                                                                           prettier/prettier

/Users/I584745/CODE/tools.sap.com/value-accelerator-client/client/src/valueAccelerator/Components/PublishDialog/usePublishDialogHelpers.tsx
  172:6  warning  React Hook useMemo has a missing dependency: 'publishedPackage?.id'. Either include it or remove the dependency array  react-hooks/exhaustive-deps

/Users/I584745/CODE/tools.sap.com/value-accelerator-client/client/src/valueAccelerator/Components/PublishDialog/usePublishDialogInit.tsx
  76:6  warning  React Hook useMemo has an unnecessary dependency: 'publishedPackage.imageUrl'. Either exclude it or remove the dependency array  react-hooks/exhaustive-deps

/Users/I584745/CODE/tools.sap.com/value-accelerator-client/client/src/valueAccelerator/Components/Shared/ContentAnalyticalTable.tsx
   66:9   warning  Delete `··`                                   prettier/prettier
   67:9   warning  Delete `··`                                   prettier/prettier
   68:1   warning  Replace `··········` with `········`          prettier/prettier
   69:1   warning  Delete `··`                                   prettier/prettier
   70:1   warning  Replace `··········` with `········`          prettier/prettier
   71:11  warning  Delete `··`                                   prettier/prettier
   72:1   warning  Delete `··`                                   prettier/prettier
   73:13  warning  Delete `··`                                   prettier/prettier
   74:1   warning  Delete `··`                                   prettier/prettier
   75:15  warning  Delete `··`                                   prettier/prettier
   76:13  warning  Delete `··`                                   prettier/prettier
   77:1   warning  Delete `··`                                   prettier/prettier
   78:11  warning  Delete `··`                                   prettier/prettier
   79:1   warning  Replace `··············` with `············`  prettier/prettier
   80:1   warning  Delete `··`                                   prettier/prettier
   81:11  warning  Delete `··`                                   prettier/prettier
   82:9   warning  Delete `··`                                   prettier/prettier
   83:1   warning  Delete `··`                                   prettier/prettier
   84:9   warning  Delete `··`                                   prettier/prettier
   85:1   warning  Delete `··`                                   prettier/prettier
   86:1   warning  Replace `··········` with `········`          prettier/prettier
   87:9   warning  Delete `··`                                   prettier/prettier
   88:1   warning  Replace `··········` with `········`          prettier/prettier
   89:1   warning  Delete `··`                                   prettier/prettier
   90:1   warning  Delete `··`                                   prettier/prettier
   91:9   warning  Delete `··`                                   prettier/prettier
   92:1   warning  Delete `··`                                   prettier/prettier
   93:9   warning  Delete `··`                                   prettier/prettier
   94:1   warning  Delete `··`                                   prettier/prettier
   95:1   warning  Replace `············` with `··········`      prettier/prettier
   96:1   warning  Delete `··`                                   prettier/prettier
   97:1   warning  Replace `············` with `··········`      prettier/prettier
   98:1   warning  Delete `··`                                   prettier/prettier
   99:9   warning  Delete `··`                                   prettier/prettier
  100:1   warning  Delete `··`                                   prettier/prettier
  101:1   warning  Delete `··`                                   prettier/prettier

/Users/I584745/CODE/tools.sap.com/value-accelerator-client/client/src/valueAccelerator/Components/WizardContents/ExportSteps/AcceleratorDetailsForm/helpers/useDetailsStepHandler.ts
  4:3  warning  'ExportPackageSchema' is defined but never used  @typescript-eslint/no-unused-vars

/Users/I584745/CODE/tools.sap.com/value-accelerator-client/client/src/valueAccelerator/Components/WizardContents/ExportSteps/AcceleratorDetailsForm/index.tsx
  14:3  warning  'FioriInput' is defined but never used  @typescript-eslint/no-unused-vars

✖ 165 problems (0 errors, 165 warnings)
  0 errors and 143 warnings potentially fixable with the `--fix` option.
 @ http://localhost:3006/g/statics/suite-shell/static/js/7778.10f94e2f.js:478
[  368374ms] [WARNING] [HMR] Cannot apply update. Need to do a full reload! @ http://localhost:3006/g/statics/suite-shell/static/js/7778.10f94e2f.js:478
[  368374ms] [WARNING] [HMR] Error: Aborted because ./src/valueAccelerator/Components/Shared/ContentAnalyticalTable.tsx is not accepted
Update propagation: ./src/valueAccelerator/Components/Shared/ContentAnalyticalTable.tsx -> ./src/valueAccelerator/Components/AcceleratorDetails/Tabs/Content/AcceleratorDetailsContent.tsx -> ./src/valueAccelerator/Components/AcceleratorDetails/Tabs/Content/AcceleratorDetailsContentWrapper.tsx -> ./src/valueAccelerator/Components/AcceleratorDetails/AcceleratorDetails.tsx -> ./src/valueAccelerator/Gallery/Gallery.tsx -> ./src/valueAccelerator/Gallery/index.ts -> ./src/modules/GalleryModule.tsx -> webpack/container/entry/valueAcceleratorMFE
    at applyHandler (http://localhost:3006/g/statics/val-client/static/js/remoteEntry.js?v=1787039993992:4934:31)
    at http://localhost:3006/g/statics/val-client/static/js/remoteEntry.js?v=1787039993992:4385:21
    at Array.map (<anonymous>)
    at internalApply (http://localhost:3006/g/statics/val-client/static/js/remoteEntry.js?v=1787039993992:4384:54)
    at http://localhost:3006/g/statics/val-client/static/js/remoteEntry.js?v=1787039993992:4355:26
    at waitForBlockingPromises (http://localhost:3006/g/statics/val-client/static/js/remoteEntry.js?v=1787039993992:4309:48)
    at http://localhost:3006/g/statics/val-client/static/js/remoteEntry.js?v=1787039993992:4353:24 @ http://localhost:3006/g/statics/suite-shell/static/js/7778.10f94e2f.js:478
[  368771ms] [ERROR] Failed to load resource: the server responded with a status of 404 (Not Found) @ http://localhost:3006/ruxitagentjs_ICA7NVfqrux_10339260603164134.js:0
[  368771ms] [ERROR] Refused to execute script from 'http://localhost:3006/ruxitagentjs_ICA7NVfqrux_10339260603164134.js' because its MIME type ('text/html') is not executable, and strict MIME type checking is enabled. @ http://localhost:3006/p/hub/val?tab=created:0
[  369392ms] [ERROR] Failed to load resource: the server responded with a status of 404 (Not Found) @ http://localhost:3006/spg/api/v1/fe6185009b4b4a718e88b5c22b766bc9/me:0
[  369642ms] [ERROR] Failed to load resource: the server responded with a status of 404 (Not Found) @ http://localhost:3006/g/api/tenant-service/v1/tenants/fe6185009b4b4a718e88b5c22b766bc9/mappings?type=signavio_to_btp_sub_account_id_process_analysis_and_mining:0
[  370194ms] [ERROR] Invalid Sentry Dsn: YOUR_SENTRY_DSN @ http://localhost:3006/g/statics/suite-shell/static/js/7778.10f94e2f.js:478
[  370198ms] [WARNING] [LaunchDarkly] The waitForInitialization function was called without a timeout specified. In a future version a default timeout will be applied. @ http://localhost:3006/g/statics/suite-shell/static/js/7778.10f94e2f.js:478
[  370226ms] [WARNING] Unsatisfied version 18.3.1 from shell of shared singleton module react-dom (required =18.2.0) @ http://localhost:3006/g/statics/suite-shell/static/js/7778.10f94e2f.js:478
[  370226ms] [WARNING] Unsatisfied version 18.3.1 from shell of shared singleton module react (required =18.2.0) @ http://localhost:3006/g/statics/suite-shell/static/js/7778.10f94e2f.js:478
[  370226ms] [WARNING] Unsatisfied version 7.18.2 from shell of shared singleton module react-router-dom (required ^6.16.0) @ http://localhost:3006/g/statics/suite-shell/static/js/7778.10f94e2f.js:478
[  370230ms] [WARNING] [webpack-dev-server] Warnings while compiling. @ http://localhost:3006/g/statics/suite-shell/static/js/7778.10f94e2f.js:478
[  370231ms] [WARNING] [webpack-dev-server] WARNING
DefinePlugin
Conflicting values for 'process.env' @ http://localhost:3006/g/statics/suite-shell/static/js/7778.10f94e2f.js:478
[  370231ms] [WARNING] [webpack-dev-server] WARNING
[eslint] 
/Users/I584745/CODE/tools.sap.com/value-accelerator-client/client/src/hooks/useDownloadCsv.ts
  46:5  warning  React Hook useCallback has a missing dependency: 'containerPage'. Either include it or remove the dependency array  react-hooks/exhaustive-deps
  57:5  warning  React Hook useCallback has a missing dependency: 'containerPage'. Either include it or remove the dependency array  react-hooks/exhaustive-deps

/Users/I584745/CODE/tools.sap.com/value-accelerator-client/client/src/hooks/useEditPublishPackage.ts
  100:25  warning  Unexpected string concatenation of literals  no-useless-concat
  100:50  warning  Unexpected string concatenation of literals  no-useless-concat

/Users/I584745/CODE/tools.sap.com/value-accelerator-client/client/src/hooks/useGetImportedPackage.ts
   30:9  warning  'client' is assigned a value but never used                                                                                                               @typescript-eslint/no-unused-vars
  220:6  warning  React Hook useEffect has missing dependencies: 'error', 'id', 'newImport?.name', and 'toastMutation'. Either include them or remove the dependency array  react-hooks/exhaustive-deps

/Users/I584745/CODE/tools.sap.com/value-accelerator-client/client/src/hooks/useGetIsExportAllowed.ts
  7:10  warning  'logger' is defined but never used  @typescript-eslint/no-unused-vars

/Users/I584745/CODE/tools.sap.com/value-accelerator-client/client/src/hooks/useGetUserWorkspaces.ts
  7:10  warning  'logger' is defined but never used  @typescript-eslint/no-unused-vars

/Users/I584745/CODE/tools.sap.com/value-accelerator-client/client/src/store/selectedTreeTableStore.ts
  5:10  warning  'ContentOverviewItem' is defined but never used  @typescript-eslint/no-unused-vars

/Users/I584745/CODE/tools.sap.com/value-accelerator-client/client/src/types/importTypes.ts
  95:13  warning  'DictionaryContent' is already defined  @typescript-eslint/no-redeclare

/Users/I584745/CODE/tools.sap.com/value-accelerator-client/client/src/valueAccelerator/Components/DependencyGraph/DependencyGraph.tsx
  133:6  warning  React Hook useMemo has an unnecessary dependency: 'checkedNodes'. Either exclude it or remove the dependency array  react-hooks/exhaustive-deps

/Users/I584745/CODE/tools.sap.com/value-accelerator-client/client/src/valueAccelerator/Components/ExportedTable/ExportedTable.tsx
  488:15  warning  Delete `··`                                                       prettier/prettier
  489:15  warning  Delete `··`                                                       prettier/prettier
  490:1   warning  Delete `··`                                                       prettier/prettier
  491:17  warning  Delete `··`                                                       prettier/prettier
  493:1   warning  Delete `··`                                                       prettier/prettier
  494:1   warning  Delete `··`                                                       prettier/prettier
  495:21  warning  Delete `··`                                                       prettier/prettier
  496:1   warning  Delete `··`                                                       prettier/prettier
  497:1   warning  Delete `··`                                                       prettier/prettier
  498:17  warning  Delete `··`                                                       prettier/prettier
  499:1   warning  Delete `··`                                                       prettier/prettier
  500:1   warning  Delete `··`                                                       prettier/prettier
  501:21  warning  Delete `··`                                                       prettier/prettier
  502:19  warning  Delete `··`                                                       prettier/prettier
  503:1   warning  Delete `··`                                                       prettier/prettier
  504:15  warning  Delete `··`                                                       prettier/prettier
  505:1   warning  Delete `··`                                                       prettier/prettier
  506:1   warning  Delete `··`                                                       prettier/prettier
  507:15  warning  Delete `··`                                                       prettier/prettier
  508:1   warning  Delete `··`                                                       prettier/prettier
  509:1   warning  Delete `··`                                                       prettier/prettier
  510:15  warning  Delete `··`                                                       prettier/prettier
  511:1   warning  Delete `··`                                                       prettier/prettier
  512:1   warning  Replace `················` with `··············`                  prettier/prettier
  513:1   warning  Delete `··`                                                       prettier/prettier
  514:19  warning  Delete `··`                                                       prettier/prettier
  515:1   warning  Replace `························` with `······················`  prettier/prettier
  516:25  warning  Delete `··`                                                       prettier/prettier
  517:21  warning  Delete `··`                                                       prettier/prettier
  518:1   warning  Replace `····················` with `··················`          prettier/prettier
  519:15  warning  Delete `··`                                                       prettier/prettier
  520:1   warning  Delete `··`                                                       prettier/prettier
  521:1   warning  Replace `··················` with `················`              prettier/prettier
  522:15  warning  Delete `··`                                                       prettier/prettier
  523:1   warning  Delete `··`                                                       prettier/prettier
  524:1   warning  Replace `················` with `··············`                  prettier/prettier
  525:1   warning  Delete `··`                                                       prettier/prettier
  526:1   warning  Delete `··`                                                       prettier/prettier
  527:1   warning  Replace `··················` with `················`              prettier/prettier
  528:15  warning  Delete `··`                                                       prettier/prettier
  529:1   warning  Delete `··`                                                       prettier/prettier
  530:1   warning  Replace `··················` with `················`              prettier/prettier
  531:1   warning  Delete `··`                                                       prettier/prettier
  532:15  warning  Delete `··`                                                       prettier/prettier
  533:1   warning  Replace `················` with `··············`                  prettier/prettier
  534:1   warning  Delete `··`                                                       prettier/prettier
  535:1   warning  Delete `··`                                                       prettier/prettier

/Users/I584745/CODE/tools.sap.com/value-accelerator-client/client/src/valueAccelerator/Components/ImportDetailsPanel/components/CustomizationsSection.tsx
  211:5  warning  'selectedName' is assigned a value but never used  @typescript-eslint/no-unused-vars

/Users/I584745/CODE/tools.sap.com/value-accelerator-client/client/src/valueAccelerator/Components/ImportDetailsPanel/components/useCustomizationSectionHelpers.ts
  429:6  warning  React Hook useEffect has a missing dependency: 'setShowTable'. Either include it or remove the dependency array. If 'setShowTable' changes too often, find the parent component that defines it and wrap that definition in useCallback  react-hooks/exhaustive-deps

/Users/I584745/CODE/tools.sap.com/value-accelerator-client/client/src/valueAccelerator/Components/ImportModal/components/SelectiveImport/SelectiveImportTreeTable.tsx
  995:33  warning  'subType' is assigned a value but never used  @typescript-eslint/no-unused-vars

/Users/I584745/CODE/tools.sap.com/value-accelerator-client/client/src/valueAccelerator/Components/ImportModal/components/SelectiveImport/TreeSearchBar.tsx
  46:6  warning  React Hook useCallback has a missing dependency: 'trackSearch'. Either include it or remove the dependency array  react-hooks/exhaustive-deps

/Users/I584745/CODE/tools.sap.com/value-accelerator-client/client/src/valueAccelerator/Components/ImportModal/helpers/useWorkspaceSelection.ts
  55:7  warning  React Hook useMemo has a complex expression in the dependency array. Extract it to a separate variable so it can be statically checked  react-hooks/exhaustive-deps
  56:7  warning  React Hook useMemo has a complex expression in the dependency array. Extract it to a separate variable so it can be statically checked  react-hooks/exhaustive-deps

/Users/I584745/CODE/tools.sap.com/value-accelerator-client/client/src/valueAccelerator/Components/ImportedPackagesTable/ImportedPackagesTable.tsx
  236:9   warning  The 'ActionsCellRow' function makes the dependencies of useMemo Hook (at line 349) change on every render. Move it inside the useMemo callback. Alternatively, wrap the definition of 'ActionsCellRow' in its own useCallback() Hook  react-hooks/exhaustive-deps
  379:11  warning  Delete `··`                                                                                                                                                                                                                           prettier/prettier
  380:11  warning  Delete `··`                                                                                                                                                                                                                           prettier/prettier
  381:1   warning  Replace `············` with `··········`                                                                                                                                                                                              prettier/prettier
  382:1   warning  Delete `··`                                                                                                                                                                                                                           prettier/prettier
  383:1   warning  Delete `··`                                                                                                                                                                                                                           prettier/prettier
  384:13  warning  Delete `··`                                                                                                                                                                                                                           prettier/prettier
  385:1   warning  Delete `··`                                                                                                                                                                                                                           prettier/prettier
  386:15  warning  Delete `··`                                                                                                                                                                                                                           prettier/prettier
  387:13  warning  Delete `··`                                                                                                                                                                                                                           prettier/prettier
  388:1   warning  Replace `············` with `··········`                                                                                                                                                                                              prettier/prettier
  389:1   warning  Delete `··`                                                                                                                                                                                                                           prettier/prettier
  390:1   warning  Delete `··`                                                                                                                                                                                                                           prettier/prettier
  392:13  warning  Delete `··`                                                                                                                                                                                                                           prettier/prettier
  393:1   warning  Delete `··`                                                                                                                                                                                                                           prettier/prettier
  394:17  warning  Delete `··`                                                                                                                                                                                                                           prettier/prettier
  395:1   warning  Delete `··`                                                                                                                                                                                                                           prettier/prettier
  396:15  warning  Delete `··`                                                                                                                                                                                                                           prettier/prettier
  397:1   warning  Delete `··`                                                                                                                                                                                                                           prettier/prettier
  398:1   warning  Replace `················` with `··············`                                                                                                                                                                                      prettier/prettier
  399:1   warning  Delete `··`                                                                                                                                                                                                                           prettier/prettier
  400:1   warning  Delete `··`                                                                                                                                                                                                                           prettier/prettier
  401:15  warning  Delete `··`                                                                                                                                                                                                                           prettier/prettier
  402:13  warning  Delete `··`                                                                                                                                                                                                                           prettier/prettier
  403:1   warning  Replace `············` with `··········`                                                                                                                                                                                              prettier/prettier
  404:1   warning  Delete `··`                                                                                                                                                                                                                           prettier/prettier
  405:11  warning  Delete `··`                                                                                                                                                                                                                           prettier/prettier
  406:11  warning  Delete `··`                                                                                                                                                                                                                           prettier/prettier
  407:1   warning  Delete `··`                                                                                                                                                                                                                           prettier/prettier
  408:11  warning  Delete `··`                                                                                                                                                                                                                           prettier/prettier
  409:1   warning  Delete `··`                                                                                                                                                                                                                           prettier/prettier
  410:1   warning  Replace `············` with `··········`                                                                                                                                                                                              prettier/prettier
  411:1   warning  Delete `··`                                                                                                                                                                                                                           prettier/prettier
  412:1   warning  Replace `················` with `··············`                                                                                                                                                                                      prettier/prettier
  413:1   warning  Replace `····················[packages.findIndex(⏎······················(p)·=>·p.importId·===·selectedImportId` with `··················[packages.findIndex((p)·=>·p.importId·===·selectedImportId)]:`                                prettier/prettier
  415:20  warning  Delete `·)]:`                                                                                                                                                                                                                         prettier/prettier
  416:17  warning  Delete `··`                                                                                                                                                                                                                           prettier/prettier
  417:1   warning  Delete `··`                                                                                                                                                                                                                           prettier/prettier
  418:11  warning  Delete `··`                                                                                                                                                                                                                           prettier/prettier
  419:1   warning  Delete `··`                                                                                                                                                                                                                           prettier/prettier
  420:1   warning  Replace `············` with `··········`                                                                                                                                                                                              prettier/prettier
  421:13  warning  Delete `··`                                                                                                                                                                                                                           prettier/prettier
  422:1   warning  Replace `············` with `··········`                                                                                                                                                                                              prettier/prettier
  423:1   warning  Delete `··`                                                                                                                                                                                                                           prettier/prettier
  424:1   warning  Delete `··`                                                                                                                                                                                                                           prettier/prettier
  425:11  warning  Delete `··`                                                                                                                                                                                                                           prettier/prettier
  426:1   warning  Delete `··`                                                                                                                                                                                                                           prettier/prettier
  427:1   warning  Replace `··············` with `············`                                                                                                                                                                                          prettier/prettier
  428:15  warning  Delete `··`                                                                                                                                                                                                                           prettier/prettier
  429:1   warning  Delete `··`                                                                                                                                                                                                                           prettier/prettier
  430:13  warning  Delete `··`                                                                                                                                                                                                                           prettier/prettier
  431:1   warning  Delete `··`                                                                                                                                                                                                                           prettier/prettier
  432:11  warning  Delete `··`                                                                                                                                                                                                                           prettier/prettier
  433:1   warning  Delete `··`                                                                                                                                                                                                                           prettier/prettier
  434:1   warning  Replace `··············` with `············`                                                                                                                                                                                          prettier/prettier
  435:1   warning  Delete `··`                                                                                                                                                                                                                           prettier/prettier
  436:1   warning  Replace `··············` with `············`                                                                                                                                                                                          prettier/prettier
  437:11  warning  Delete `··`                                                                                                                                                                                                                           prettier/prettier
  438:1   warning  Delete `··`                                                                                                                                                                                                                           prettier/prettier
  439:11  warning  Delete `··`                                                                                                                                                                                                                           prettier/prettier
  440:1   warning  Delete `··`                                                                                                                                                                                                                           prettier/prettier

/Users/I584745/CODE/tools.sap.com/value-accelerator-client/client/src/valueAccelerator/Components/PublishDialog/usePublishDialogHelpers.tsx
  172:6  warning  React Hook useMemo has a missing dependency: 'publishedPackage?.id'. Either include it or remove the dependency array  react-hooks/exhaustive-deps

/Users/I584745/CODE/tools.sap.com/value-accelerator-client/client/src/valueAccelerator/Components/PublishDialog/usePublishDialogInit.tsx
  76:6  warning  React Hook useMemo has an unnecessary dependency: 'publishedPackage.imageUrl'. Either exclude it or remove the dependency array  react-hooks/exhaustive-deps

/Users/I584745/CODE/tools.sap.com/value-accelerator-client/client/src/valueAccelerator/Components/Shared/ContentAnalyticalTable.tsx
   66:9   warning  Delete `··`                                   prettier/prettier
   67:9   warning  Delete `··`                                   prettier/prettier
   68:1   warning  Replace `··········` with `········`          prettier/prettier
   69:1   warning  Delete `··`                                   prettier/prettier
   70:1   warning  Replace `··········` with `········`          prettier/prettier
   71:11  warning  Delete `··`                                   prettier/prettier
   72:1   warning  Delete `··`                                   prettier/prettier
   73:13  warning  Delete `··`                                   prettier/prettier
   74:1   warning  Delete `··`                                   prettier/prettier
   75:15  warning  Delete `··`                                   prettier/prettier
   76:13  warning  Delete `··`                                   prettier/prettier
   77:1   warning  Delete `··`                                   prettier/prettier
   78:11  warning  Delete `··`                                   prettier/prettier
   79:1   warning  Replace `··············` with `············`  prettier/prettier
   80:1   warning  Delete `··`                                   prettier/prettier
   81:11  warning  Delete `··`                                   prettier/prettier
   82:9   warning  Delete `··`                                   prettier/prettier
   83:1   warning  Delete `··`                                   prettier/prettier
   84:9   warning  Delete `··`                                   prettier/prettier
   85:1   warning  Delete `··`                                   prettier/prettier
   86:1   warning  Replace `··········` with `········`          prettier/prettier
   87:9   warning  Delete `··`                                   prettier/prettier
   88:1   warning  Replace `··········` with `········`          prettier/prettier
   89:1   warning  Delete `··`                                   prettier/prettier
   90:1   warning  Delete `··`                                   prettier/prettier
   91:9   warning  Delete `··`                                   prettier/prettier
   92:1   warning  Delete `··`                                   prettier/prettier
   93:9   warning  Delete `··`                                   prettier/prettier
   94:1   warning  Delete `··`                                   prettier/prettier
   95:1   warning  Replace `············` with `··········`      prettier/prettier
   96:1   warning  Delete `··`                                   prettier/prettier
   97:1   warning  Replace `············` with `··········`      prettier/prettier
   98:1   warning  Delete `··`                                   prettier/prettier
   99:9   warning  Delete `··`                                   prettier/prettier
  100:1   warning  Delete `··`                                   prettier/prettier
  101:1   warning  Delete `··`                                   prettier/prettier

/Users/I584745/CODE/tools.sap.com/value-accelerator-client/client/src/valueAccelerator/Components/WizardContents/ExportSteps/AcceleratorDetailsForm/helpers/useDetailsStepHandler.ts
  4:3  warning  'ExportPackageSchema' is defined but never used  @typescript-eslint/no-unused-vars

/Users/I584745/CODE/tools.sap.com/value-accelerator-client/client/src/valueAccelerator/Components/WizardContents/ExportSteps/AcceleratorDetailsForm/index.tsx
  14:3  warning  'FioriInput' is defined but never used  @typescript-eslint/no-unused-vars

✖ 165 problems (0 errors, 165 warnings)
  0 errors and 143 warnings potentially fixable with the `--fix` option.
 @ http://localhost:3006/g/statics/suite-shell/static/js/7778.10f94e2f.js:478
[  371163ms] [WARNING] Lit is in dev mode. Not recommended for production! See https://lit.dev/msg/dev-mode for more information. @ http://localhost:3006/g/statics/suite-shell/static/js/7778.10f94e2f.js:478
[  371163ms] [WARNING] Multiple versions of Lit loaded. Loading multiple versions is not recommended. See https://lit.dev/msg/multiple-versions for more information. @ http://localhost:3006/g/statics/suite-shell/static/js/7778.10f94e2f.js:478
[  378255ms] [ERROR] Failed to load resource: the server responded with a status of 401 (Unauthorized) @ http://localhost:3006/g/api/tenant-service/v1/tenants//configurations?type=walkme_settings:0
[  513314ms] [ERROR] Failed to load resource: the server responded with a status of 404 (Not Found) @ http://localhost:3006/ruxitagentjs_ICA7NVfqrux_10339260603164134.js:0
[  513314ms] [ERROR] Refused to execute script from 'http://localhost:3006/ruxitagentjs_ICA7NVfqrux_10339260603164134.js' because its MIME type ('text/html') is not executable, and strict MIME type checking is enabled. @ http://localhost:3006/p/hub/val?tab=installed:0
[  513818ms] [ERROR] Failed to load resource: the server responded with a status of 504 (Gateway Timeout) @ http://localhost:3006/g/api/tenant-service/v1/tenants/fe6185009b4b4a718e88b5c22b766bc9/mappings?type=signavio_to_btp_sub_account_id_process_analysis_and_mining:0
[  513818ms] [ERROR] Error fetching connected BTP tenants: SyntaxError: Unexpected token 'E', "Error occu"... is not valid JSON @ http://localhost:3006/g/statics/suite-shell/static/js/2595.b95a6aa7.js:40
[  513818ms] [ERROR] Failed to load resource: the server responded with a status of 404 (Not Found) @ http://localhost:3006/spg/api/v1/fe6185009b4b4a718e88b5c22b766bc9/me:0
[  514742ms] [ERROR] Invalid Sentry Dsn: YOUR_SENTRY_DSN @ http://localhost:3006/g/statics/suite-shell/static/js/7778.10f94e2f.js:478
[  514746ms] [WARNING] [LaunchDarkly] The waitForInitialization function was called without a timeout specified. In a future version a default timeout will be applied. @ http://localhost:3006/g/statics/suite-shell/static/js/7778.10f94e2f.js:478
[  514768ms] [WARNING] Unsatisfied version 18.3.1 from shell of shared singleton module react-dom (required =18.2.0) @ http://localhost:3006/g/statics/suite-shell/static/js/7778.10f94e2f.js:478
[  514768ms] [WARNING] Unsatisfied version 18.3.1 from shell of shared singleton module react (required =18.2.0) @ http://localhost:3006/g/statics/suite-shell/static/js/7778.10f94e2f.js:478
[  514769ms] [WARNING] Unsatisfied version 7.18.2 from shell of shared singleton module react-router-dom (required ^6.16.0) @ http://localhost:3006/g/statics/suite-shell/static/js/7778.10f94e2f.js:478
[  514802ms] [WARNING] [webpack-dev-server] Warnings while compiling. @ http://localhost:3006/g/statics/suite-shell/static/js/7778.10f94e2f.js:478
[  514803ms] [WARNING] [webpack-dev-server] WARNING
DefinePlugin
Conflicting values for 'process.env' @ http://localhost:3006/g/statics/suite-shell/static/js/7778.10f94e2f.js:478
[  514803ms] [WARNING] [webpack-dev-server] WARNING
[eslint] 
/Users/I584745/CODE/tools.sap.com/value-accelerator-client/client/src/hooks/useDownloadCsv.ts
  46:5  warning  React Hook useCallback has a missing dependency: 'containerPage'. Either include it or remove the dependency array  react-hooks/exhaustive-deps
  57:5  warning  React Hook useCallback has a missing dependency: 'containerPage'. Either include it or remove the dependency array  react-hooks/exhaustive-deps

/Users/I584745/CODE/tools.sap.com/value-accelerator-client/client/src/hooks/useEditPublishPackage.ts
  100:25  warning  Unexpected string concatenation of literals  no-useless-concat
  100:50  warning  Unexpected string concatenation of literals  no-useless-concat

/Users/I584745/CODE/tools.sap.com/value-accelerator-client/client/src/hooks/useGetImportedPackage.ts
   30:9  warning  'client' is assigned a value but never used                                                                                                               @typescript-eslint/no-unused-vars
  220:6  warning  React Hook useEffect has missing dependencies: 'error', 'id', 'newImport?.name', and 'toastMutation'. Either include them or remove the dependency array  react-hooks/exhaustive-deps

/Users/I584745/CODE/tools.sap.com/value-accelerator-client/client/src/hooks/useGetIsExportAllowed.ts
  7:10  warning  'logger' is defined but never used  @typescript-eslint/no-unused-vars

/Users/I584745/CODE/tools.sap.com/value-accelerator-client/client/src/hooks/useGetUserWorkspaces.ts
  7:10  warning  'logger' is defined but never used  @typescript-eslint/no-unused-vars

/Users/I584745/CODE/tools.sap.com/value-accelerator-client/client/src/store/selectedTreeTableStore.ts
  5:10  warning  'ContentOverviewItem' is defined but never used  @typescript-eslint/no-unused-vars

/Users/I584745/CODE/tools.sap.com/value-accelerator-client/client/src/types/importTypes.ts
  95:13  warning  'DictionaryContent' is already defined  @typescript-eslint/no-redeclare

/Users/I584745/CODE/tools.sap.com/value-accelerator-client/client/src/valueAccelerator/Components/DependencyGraph/DependencyGraph.tsx
  133:6  warning  React Hook useMemo has an unnecessary dependency: 'checkedNodes'. Either exclude it or remove the dependency array  react-hooks/exhaustive-deps

/Users/I584745/CODE/tools.sap.com/value-accelerator-client/client/src/valueAccelerator/Components/ExportedTable/ExportedTable.tsx
  488:15  warning  Delete `··`                                                       prettier/prettier
  489:15  warning  Delete `··`                                                       prettier/prettier
  490:1   warning  Delete `··`                                                       prettier/prettier
  491:17  warning  Delete `··`                                                       prettier/prettier
  493:1   warning  Delete `··`                                                       prettier/prettier
  494:1   warning  Delete `··`                                                       prettier/prettier
  495:21  warning  Delete `··`                                                       prettier/prettier
  496:1   warning  Delete `··`                                                       prettier/prettier
  497:1   warning  Delete `··`                                                       prettier/prettier
  498:17  warning  Delete `··`                                                       prettier/prettier
  499:1   warning  Delete `··`                                                       prettier/prettier
  500:1   warning  Delete `··`                                                       prettier/prettier
  501:21  warning  Delete `··`                                                       prettier/prettier
  502:19  warning  Delete `··`                                                       prettier/prettier
  503:1   warning  Delete `··`                                                       prettier/prettier
  504:15  warning  Delete `··`                                                       prettier/prettier
  505:1   warning  Delete `··`                                                       prettier/prettier
  506:1   warning  Delete `··`                                                       prettier/prettier
  507:15  warning  Delete `··`                                                       prettier/prettier
  508:1   warning  Delete `··`                                                       prettier/prettier
  509:1   warning  Delete `··`                                                       prettier/prettier
  510:15  warning  Delete `··`                                                       prettier/prettier
  511:1   warning  Delete `··`                                                       prettier/prettier
  512:1   warning  Replace `················` with `··············`                  prettier/prettier
  513:1   warning  Delete `··`                                                       prettier/prettier
  514:19  warning  Delete `··`                                                       prettier/prettier
  515:1   warning  Replace `························` with `······················`  prettier/prettier
  516:25  warning  Delete `··`                                                       prettier/prettier
  517:21  warning  Delete `··`                                                       prettier/prettier
  518:1   warning  Replace `····················` with `··················`          prettier/prettier
  519:15  warning  Delete `··`                                                       prettier/prettier
  520:1   warning  Delete `··`                                                       prettier/prettier
  521:1   warning  Replace `··················` with `················`              prettier/prettier
  522:15  warning  Delete `··`                                                       prettier/prettier
  523:1   warning  Delete `··`                                                       prettier/prettier
  524:1   warning  Replace `················` with `··············`                  prettier/prettier
  525:1   warning  Delete `··`                                                       prettier/prettier
  526:1   warning  Delete `··`                                                       prettier/prettier
  527:1   warning  Replace `··················` with `················`              prettier/prettier
  528:15  warning  Delete `··`                                                       prettier/prettier
  529:1   warning  Delete `··`                                                       prettier/prettier
  530:1   warning  Replace `··················` with `················`              prettier/prettier
  531:1   warning  Delete `··`                                                       prettier/prettier
  532:15  warning  Delete `··`                                                       prettier/prettier
  533:1   warning  Replace `················` with `··············`                  prettier/prettier
  534:1   warning  Delete `··`                                                       prettier/prettier
  535:1   warning  Delete `··`                                                       prettier/prettier

/Users/I584745/CODE/tools.sap.com/value-accelerator-client/client/src/valueAccelerator/Components/ImportDetailsPanel/components/CustomizationsSection.tsx
  211:5  warning  'selectedName' is assigned a value but never used  @typescript-eslint/no-unused-vars

/Users/I584745/CODE/tools.sap.com/value-accelerator-client/client/src/valueAccelerator/Components/ImportDetailsPanel/components/useCustomizationSectionHelpers.ts
  429:6  warning  React Hook useEffect has a missing dependency: 'setShowTable'. Either include it or remove the dependency array. If 'setShowTable' changes too often, find the parent component that defines it and wrap that definition in useCallback  react-hooks/exhaustive-deps

/Users/I584745/CODE/tools.sap.com/value-accelerator-client/client/src/valueAccelerator/Components/ImportModal/components/SelectiveImport/SelectiveImportTreeTable.tsx
  995:33  warning  'subType' is assigned a value but never used  @typescript-eslint/no-unused-vars

/Users/I584745/CODE/tools.sap.com/value-accelerator-client/client/src/valueAccelerator/Components/ImportModal/components/SelectiveImport/TreeSearchBar.tsx
  46:6  warning  React Hook useCallback has a missing dependency: 'trackSearch'. Either include it or remove the dependency array  react-hooks/exhaustive-deps

/Users/I584745/CODE/tools.sap.com/value-accelerator-client/client/src/valueAccelerator/Components/ImportModal/helpers/useWorkspaceSelection.ts
  55:7  warning  React Hook useMemo has a complex expression in the dependency array. Extract it to a separate variable so it can be statically checked  react-hooks/exhaustive-deps
  56:7  warning  React Hook useMemo has a complex expression in the dependency array. Extract it to a separate variable so it can be statically checked  react-hooks/exhaustive-deps

/Users/I584745/CODE/tools.sap.com/value-accelerator-client/client/src/valueAccelerator/Components/ImportedPackagesTable/ImportedPackagesTable.tsx
  236:9   warning  The 'ActionsCellRow' function makes the dependencies of useMemo Hook (at line 349) change on every render. Move it inside the useMemo callback. Alternatively, wrap the definition of 'ActionsCellRow' in its own useCallback() Hook  react-hooks/exhaustive-deps
  379:11  warning  Delete `··`                                                                                                                                                                                                                           prettier/prettier
  380:11  warning  Delete `··`                                                                                                                                                                                                                           prettier/prettier
  381:1   warning  Replace `············` with `··········`                                                                                                                                                                                              prettier/prettier
  382:1   warning  Delete `··`                                                                                                                                                                                                                           prettier/prettier
  383:1   warning  Delete `··`                                                                                                                                                                                                                           prettier/prettier
  384:13  warning  Delete `··`                                                                                                                                                                                                                           prettier/prettier
  385:1   warning  Delete `··`                                                                                                                                                                                                                           prettier/prettier
  386:15  warning  Delete `··`                                                                                                                                                                                                                           prettier/prettier
  387:13  warning  Delete `··`                                                                                                                                                                                                                           prettier/prettier
  388:1   warning  Replace `············` with `··········`                                                                                                                                                                                              prettier/prettier
  389:1   warning  Delete `··`                                                                                                                                                                                                                           prettier/prettier
  390:1   warning  Delete `··`                                                                                                                                                                                                                           prettier/prettier
  392:13  warning  Delete `··`                                                                                                                                                                                                                           prettier/prettier
  393:1   warning  Delete `··`                                                                                                                                                                                                                           prettier/prettier
  394:17  warning  Delete `··`                                                                                                                                                                                                                           prettier/prettier
  395:1   warning  Delete `··`                                                                                                                                                                                                                           prettier/prettier
  396:15  warning  Delete `··`                                                                                                                                                                                                                           prettier/prettier
  397:1   warning  Delete `··`                                                                                                                                                                                                                           prettier/prettier
  398:1   warning  Replace `················` with `··············`                                                                                                                                                                                      prettier/prettier
  399:1   warning  Delete `··`                                                                                                                                                                                                                           prettier/prettier
  400:1   warning  Delete `··`                                                                                                                                                                                                                           prettier/prettier
  401:15  warning  Delete `··`                                                                                                                                                                                                                           prettier/prettier
  402:13  warning  Delete `··`                                                                                                                                                                                                                           prettier/prettier
  403:1   warning  Replace `············` with `··········`                                                                                                                                                                                              prettier/prettier
  404:1   warning  Delete `··`                                                                                                                                                                                                                           prettier/prettier
  405:11  warning  Delete `··`                                                                                                                                                                                                                           prettier/prettier
  406:11  warning  Delete `··`                                                                                                                                                                                                                           prettier/prettier
  407:1   warning  Delete `··`                                                                                                                                                                                                                           prettier/prettier
  408:11  warning  Delete `··`                                                                                                                                                                                                                           prettier/prettier
  409:1   warning  Delete `··`                                                                                                                                                                                                                           prettier/prettier
  410:1   warning  Replace `············` with `··········`                                                                                                                                                                                              prettier/prettier
  411:1   warning  Delete `··`                                                                                                                                                                                                                           prettier/prettier
  412:1   warning  Replace `················` with `··············`                                                                                                                                                                                      prettier/prettier
  413:1   warning  Replace `····················[packages.findIndex(⏎······················(p)·=>·p.importId·===·selectedImportId` with `··················[packages.findIndex((p)·=>·p.importId·===·selectedImportId)]:`                                prettier/prettier
  415:20  warning  Delete `·)]:`                                                                                                                                                                                                                         prettier/prettier
  416:17  warning  Delete `··`                                                                                                                                                                                                                           prettier/prettier
  417:1   warning  Delete `··`                                                                                                                                                                                                                           prettier/prettier
  418:11  warning  Delete `··`                                                                                                                                                                                                                           prettier/prettier
  419:1   warning  Delete `··`                                                                                                                                                                                                                           prettier/prettier
  420:1   warning  Replace `············` with `··········`                                                                                                                                                                                              prettier/prettier
  421:13  warning  Delete `··`                                                                                                                                                                                                                           prettier/prettier
  422:1   warning  Replace `············` with `··········`                                                                                                                                                                                              prettier/prettier
  423:1   warning  Delete `··`                                                                                                                                                                                                                           prettier/prettier
  424:1   warning  Delete `··`                                                                                                                                                                                                                           prettier/prettier
  425:11  warning  Delete `··`                                                                                                                                                                                                                           prettier/prettier
  426:1   warning  Delete `··`                                                                                                                                                                                                                           prettier/prettier
  427:1   warning  Replace `··············` with `············`                                                                                                                                                                                          prettier/prettier
  428:15  warning  Delete `··`                                                                                                                                                                                                                           prettier/prettier
  429:1   warning  Delete `··`                                                                                                                                                                                                                           prettier/prettier
  430:13  warning  Delete `··`                                                                                                                                                                                                                           prettier/prettier
  431:1   warning  Delete `··`                                                                                                                                                                                                                           prettier/prettier
  432:11  warning  Delete `··`                                                                                                                                                                                                                           prettier/prettier
  433:1   warning  Delete `··`                                                                                                                                                                                                                           prettier/prettier
  434:1   warning  Replace `··············` with `············`                                                                                                                                                                                          prettier/prettier
  435:1   warning  Delete `··`                                                                                                                                                                                                                           prettier/prettier
  436:1   warning  Replace `··············` with `············`                                                                                                                                                                                          prettier/prettier
  437:11  warning  Delete `··`                                                                                                                                                                                                                           prettier/prettier
  438:1   warning  Delete `··`                                                                                                                                                                                                                           prettier/prettier
  439:11  warning  Delete `··`                                                                                                                                                                                                                           prettier/prettier
  440:1   warning  Delete `··`                                                                                                                                                                                                                           prettier/prettier

/Users/I584745/CODE/tools.sap.com/value-accelerator-client/client/src/valueAccelerator/Components/PublishDialog/usePublishDialogHelpers.tsx
  172:6  warning  React Hook useMemo has a missing dependency: 'publishedPackage?.id'. Either include it or remove the dependency array  react-hooks/exhaustive-deps

/Users/I584745/CODE/tools.sap.com/value-accelerator-client/client/src/valueAccelerator/Components/PublishDialog/usePublishDialogInit.tsx
  76:6  warning  React Hook useMemo has an unnecessary dependency: 'publishedPackage.imageUrl'. Either exclude it or remove the dependency array  react-hooks/exhaustive-deps

/Users/I584745/CODE/tools.sap.com/value-accelerator-client/client/src/valueAccelerator/Components/Shared/ContentAnalyticalTable.tsx
   66:9   warning  Delete `··`                                   prettier/prettier
   67:9   warning  Delete `··`                                   prettier/prettier
   68:1   warning  Replace `··········` with `········`          prettier/prettier
   69:1   warning  Delete `··`                                   prettier/prettier
   70:1   warning  Replace `··········` with `········`          prettier/prettier
   71:11  warning  Delete `··`                                   prettier/prettier
   72:1   warning  Delete `··`                                   prettier/prettier
   73:13  warning  Delete `··`                                   prettier/prettier
   74:1   warning  Delete `··`                                   prettier/prettier
   75:15  warning  Delete `··`                                   prettier/prettier
   76:13  warning  Delete `··`                                   prettier/prettier
   77:1   warning  Delete `··`                                   prettier/prettier
   78:11  warning  Delete `··`                                   prettier/prettier
   79:1   warning  Replace `··············` with `············`  prettier/prettier
   80:1   warning  Delete `··`                                   prettier/prettier
   81:11  warning  Delete `··`                                   prettier/prettier
   82:9   warning  Delete `··`                                   prettier/prettier
   83:1   warning  Delete `··`                                   prettier/prettier
   84:9   warning  Delete `··`                                   prettier/prettier
   85:1   warning  Delete `··`                                   prettier/prettier
   86:1   warning  Replace `··········` with `········`          prettier/prettier
   87:9   warning  Delete `··`                                   prettier/prettier
   88:1   warning  Replace `··········` with `········`          prettier/prettier
   89:1   warning  Delete `··`                                   prettier/prettier
   90:1   warning  Delete `··`                                   prettier/prettier
   91:9   warning  Delete `··`                                   prettier/prettier
   92:1   warning  Delete `··`                                   prettier/prettier
   93:9   warning  Delete `··`                                   prettier/prettier
   94:1   warning  Delete `··`                                   prettier/prettier
   95:1   warning  Replace `············` with `··········`      prettier/prettier
   96:1   warning  Delete `··`                                   prettier/prettier
   97:1   warning  Replace `············` with `··········`      prettier/prettier
   98:1   warning  Delete `··`                                   prettier/prettier
   99:9   warning  Delete `··`                                   prettier/prettier
  100:1   warning  Delete `··`                                   prettier/prettier
  101:1   warning  Delete `··`                                   prettier/prettier

/Users/I584745/CODE/tools.sap.com/value-accelerator-client/client/src/valueAccelerator/Components/WizardContents/ExportSteps/AcceleratorDetailsForm/helpers/useDetailsStepHandler.ts
  4:3  warning  'ExportPackageSchema' is defined but never used  @typescript-eslint/no-unused-vars

/Users/I584745/CODE/tools.sap.com/value-accelerator-client/client/src/valueAccelerator/Components/WizardContents/ExportSteps/AcceleratorDetailsForm/index.tsx
  14:3  warning  'FioriInput' is defined but never used  @typescript-eslint/no-unused-vars

✖ 165 problems (0 errors, 165 warnings)
  0 errors and 143 warnings potentially fixable with the `--fix` option.
 @ http://localhost:3006/g/statics/suite-shell/static/js/7778.10f94e2f.js:478
[  515457ms] [WARNING] Lit is in dev mode. Not recommended for production! See https://lit.dev/msg/dev-mode for more information. @ http://localhost:3006/g/statics/suite-shell/static/js/7778.10f94e2f.js:478
[  515457ms] [WARNING] Multiple versions of Lit loaded. Loading multiple versions is not recommended. See https://lit.dev/msg/multiple-versions for more information. @ http://localhost:3006/g/statics/suite-shell/static/js/7778.10f94e2f.js:478
[  515592ms] [ERROR] Failed to load resource: the server responded with a status of 504 (Gateway Timeout) @ http://localhost:3006/g/api/val/workspaces:0
[  522033ms] [ERROR] Failed to load resource: the server responded with a status of 401 (Unauthorized) @ http://localhost:3006/g/api/tenant-service/v1/tenants//configurations?type=walkme_settings:0
[  547900ms] [ERROR] Failed to load resource: the server responded with a status of 404 (Not Found) @ http://localhost:3006/ruxitagentjs_ICA7NVfqrux_10339260603164134.js:0
[  547900ms] [ERROR] Refused to execute script from 'http://localhost:3006/ruxitagentjs_ICA7NVfqrux_10339260603164134.js' because its MIME type ('text/html') is not executable, and strict MIME type checking is enabled. @ http://localhost:3006/p/hub/val?tab=created:0
[  548352ms] [ERROR] Failed to load resource: the server responded with a status of 404 (Not Found) @ http://localhost:3006/spg/api/v1/fe6185009b4b4a718e88b5c22b766bc9/me:0
[  548540ms] [ERROR] Failed to load resource: the server responded with a status of 404 (Not Found) @ http://localhost:3006/g/api/tenant-service/v1/tenants/fe6185009b4b4a718e88b5c22b766bc9/mappings?type=signavio_to_btp_sub_account_id_process_analysis_and_mining:0
[  549099ms] [ERROR] Invalid Sentry Dsn: YOUR_SENTRY_DSN @ http://localhost:3006/g/statics/suite-shell/static/js/7778.10f94e2f.js:478
[  549105ms] [WARNING] [LaunchDarkly] The waitForInitialization function was called without a timeout specified. In a future version a default timeout will be applied. @ http://localhost:3006/g/statics/suite-shell/static/js/7778.10f94e2f.js:478
[  549136ms] [WARNING] Unsatisfied version 18.3.1 from shell of shared singleton module react-dom (required =18.2.0) @ http://localhost:3006/g/statics/suite-shell/static/js/7778.10f94e2f.js:478
[  549136ms] [WARNING] Unsatisfied version 18.3.1 from shell of shared singleton module react (required =18.2.0) @ http://localhost:3006/g/statics/suite-shell/static/js/7778.10f94e2f.js:478
[  549137ms] [WARNING] Unsatisfied version 7.18.2 from shell of shared singleton module react-router-dom (required ^6.16.0) @ http://localhost:3006/g/statics/suite-shell/static/js/7778.10f94e2f.js:478
[  549149ms] [WARNING] [webpack-dev-server] Warnings while compiling. @ http://localhost:3006/g/statics/suite-shell/static/js/7778.10f94e2f.js:478
[  549150ms] [WARNING] [webpack-dev-server] WARNING
DefinePlugin
Conflicting values for 'process.env' @ http://localhost:3006/g/statics/suite-shell/static/js/7778.10f94e2f.js:478
[  549150ms] [WARNING] [webpack-dev-server] WARNING
[eslint] 
/Users/I584745/CODE/tools.sap.com/value-accelerator-client/client/src/hooks/useDownloadCsv.ts
  46:5  warning  React Hook useCallback has a missing dependency: 'containerPage'. Either include it or remove the dependency array  react-hooks/exhaustive-deps
  57:5  warning  React Hook useCallback has a missing dependency: 'containerPage'. Either include it or remove the dependency array  react-hooks/exhaustive-deps

/Users/I584745/CODE/tools.sap.com/value-accelerator-client/client/src/hooks/useEditPublishPackage.ts
  100:25  warning  Unexpected string concatenation of literals  no-useless-concat
  100:50  warning  Unexpected string concatenation of literals  no-useless-concat

/Users/I584745/CODE/tools.sap.com/value-accelerator-client/client/src/hooks/useGetImportedPackage.ts
   30:9  warning  'client' is assigned a value but never used                                                                                                               @typescript-eslint/no-unused-vars
  220:6  warning  React Hook useEffect has missing dependencies: 'error', 'id', 'newImport?.name', and 'toastMutation'. Either include them or remove the dependency array  react-hooks/exhaustive-deps

/Users/I584745/CODE/tools.sap.com/value-accelerator-client/client/src/hooks/useGetIsExportAllowed.ts
  7:10  warning  'logger' is defined but never used  @typescript-eslint/no-unused-vars

/Users/I584745/CODE/tools.sap.com/value-accelerator-client/client/src/hooks/useGetUserWorkspaces.ts
  7:10  warning  'logger' is defined but never used  @typescript-eslint/no-unused-vars

/Users/I584745/CODE/tools.sap.com/value-accelerator-client/client/src/store/selectedTreeTableStore.ts
  5:10  warning  'ContentOverviewItem' is defined but never used  @typescript-eslint/no-unused-vars

/Users/I584745/CODE/tools.sap.com/value-accelerator-client/client/src/types/importTypes.ts
  95:13  warning  'DictionaryContent' is already defined  @typescript-eslint/no-redeclare

/Users/I584745/CODE/tools.sap.com/value-accelerator-client/client/src/valueAccelerator/Components/DependencyGraph/DependencyGraph.tsx
  133:6  warning  React Hook useMemo has an unnecessary dependency: 'checkedNodes'. Either exclude it or remove the dependency array  react-hooks/exhaustive-deps

/Users/I584745/CODE/tools.sap.com/value-accelerator-client/client/src/valueAccelerator/Components/ExportedTable/ExportedTable.tsx
  488:15  warning  Delete `··`                                                       prettier/prettier
  489:15  warning  Delete `··`                                                       prettier/prettier
  490:1   warning  Delete `··`                                                       prettier/prettier
  491:17  warning  Delete `··`                                                       prettier/prettier
  493:1   warning  Delete `··`                                                       prettier/prettier
  494:1   warning  Delete `··`                                                       prettier/prettier
  495:21  warning  Delete `··`                                                       prettier/prettier
  496:1   warning  Delete `··`                                                       prettier/prettier
  497:1   warning  Delete `··`                                                       prettier/prettier
  498:17  warning  Delete `··`                                                       prettier/prettier
  499:1   warning  Delete `··`                                                       prettier/prettier
  500:1   warning  Delete `··`                                                       prettier/prettier
  501:21  warning  Delete `··`                                                       prettier/prettier
  502:19  warning  Delete `··`                                                       prettier/prettier
  503:1   warning  Delete `··`                                                       prettier/prettier
  504:15  warning  Delete `··`                                                       prettier/prettier
  505:1   warning  Delete `··`                                                       prettier/prettier
  506:1   warning  Delete `··`                                                       prettier/prettier
  507:15  warning  Delete `··`                                                       prettier/prettier
  508:1   warning  Delete `··`                                                       prettier/prettier
  509:1   warning  Delete `··`                                                       prettier/prettier
  510:15  warning  Delete `··`                                                       prettier/prettier
  511:1   warning  Delete `··`                                                       prettier/prettier
  512:1   warning  Replace `················` with `··············`                  prettier/prettier
  513:1   warning  Delete `··`                                                       prettier/prettier
  514:19  warning  Delete `··`                                                       prettier/prettier
  515:1   warning  Replace `························` with `······················`  prettier/prettier
  516:25  warning  Delete `··`                                                       prettier/prettier
  517:21  warning  Delete `··`                                                       prettier/prettier
  518:1   warning  Replace `····················` with `··················`          prettier/prettier
  519:15  warning  Delete `··`                                                       prettier/prettier
  520:1   warning  Delete `··`                                                       prettier/prettier
  521:1   warning  Replace `··················` with `················`              prettier/prettier
  522:15  warning  Delete `··`                                                       prettier/prettier
  523:1   warning  Delete `··`                                                       prettier/prettier
  524:1   warning  Replace `················` with `··············`                  prettier/prettier
  525:1   warning  Delete `··`                                                       prettier/prettier
  526:1   warning  Delete `··`                                                       prettier/prettier
  527:1   warning  Replace `··················` with `················`              prettier/prettier
  528:15  warning  Delete `··`                                                       prettier/prettier
  529:1   warning  Delete `··`                                                       prettier/prettier
  530:1   warning  Replace `··················` with `················`              prettier/prettier
  531:1   warning  Delete `··`                                                       prettier/prettier
  532:15  warning  Delete `··`                                                       prettier/prettier
  533:1   warning  Replace `················` with `··············`                  prettier/prettier
  534:1   warning  Delete `··`                                                       prettier/prettier
  535:1   warning  Delete `··`                                                       prettier/prettier

/Users/I584745/CODE/tools.sap.com/value-accelerator-client/client/src/valueAccelerator/Components/ImportDetailsPanel/components/CustomizationsSection.tsx
  211:5  warning  'selectedName' is assigned a value but never used  @typescript-eslint/no-unused-vars

/Users/I584745/CODE/tools.sap.com/value-accelerator-client/client/src/valueAccelerator/Components/ImportDetailsPanel/components/useCustomizationSectionHelpers.ts
  429:6  warning  React Hook useEffect has a missing dependency: 'setShowTable'. Either include it or remove the dependency array. If 'setShowTable' changes too often, find the parent component that defines it and wrap that definition in useCallback  react-hooks/exhaustive-deps

/Users/I584745/CODE/tools.sap.com/value-accelerator-client/client/src/valueAccelerator/Components/ImportModal/components/SelectiveImport/SelectiveImportTreeTable.tsx
  995:33  warning  'subType' is assigned a value but never used  @typescript-eslint/no-unused-vars

/Users/I584745/CODE/tools.sap.com/value-accelerator-client/client/src/valueAccelerator/Components/ImportModal/components/SelectiveImport/TreeSearchBar.tsx
  46:6  warning  React Hook useCallback has a missing dependency: 'trackSearch'. Either include it or remove the dependency array  react-hooks/exhaustive-deps

/Users/I584745/CODE/tools.sap.com/value-accelerator-client/client/src/valueAccelerator/Components/ImportModal/helpers/useWorkspaceSelection.ts
  55:7  warning  React Hook useMemo has a complex expression in the dependency array. Extract it to a separate variable so it can be statically checked  react-hooks/exhaustive-deps
  56:7  warning  React Hook useMemo has a complex expression in the dependency array. Extract it to a separate variable so it can be statically checked  react-hooks/exhaustive-deps

/Users/I584745/CODE/tools.sap.com/value-accelerator-client/client/src/valueAccelerator/Components/ImportedPackagesTable/ImportedPackagesTable.tsx
  236:9   warning  The 'ActionsCellRow' function makes the dependencies of useMemo Hook (at line 349) change on every render. Move it inside the useMemo callback. Alternatively, wrap the definition of 'ActionsCellRow' in its own useCallback() Hook  react-hooks/exhaustive-deps
  379:11  warning  Delete `··`                                                                                                                                                                                                                           prettier/prettier
  380:11  warning  Delete `··`                                                                                                                                                                                                                           prettier/prettier
  381:1   warning  Replace `············` with `··········`                                                                                                                                                                                              prettier/prettier
  382:1   warning  Delete `··`                                                                                                                                                                                                                           prettier/prettier
  383:1   warning  Delete `··`                                                                                                                                                                                                                           prettier/prettier
  384:13  warning  Delete `··`                                                                                                                                                                                                                           prettier/prettier
  385:1   warning  Delete `··`                                                                                                                                                                                                                           prettier/prettier
  386:15  warning  Delete `··`                                                                                                                                                                                                                           prettier/prettier
  387:13  warning  Delete `··`                                                                                                                                                                                                                           prettier/prettier
  388:1   warning  Replace `············` with `··········`                                                                                                                                                                                              prettier/prettier
  389:1   warning  Delete `··`                                                                                                                                                                                                                           prettier/prettier
  390:1   warning  Delete `··`                                                                                                                                                                                                                           prettier/prettier
  392:13  warning  Delete `··`                                                                                                                                                                                                                           prettier/prettier
  393:1   warning  Delete `··`                                                                                                                                                                                                                           prettier/prettier
  394:17  warning  Delete `··`                                                                                                                                                                                                                           prettier/prettier
  395:1   warning  Delete `··`                                                                                                                                                                                                                           prettier/prettier
  396:15  warning  Delete `··`                                                                                                                                                                                                                           prettier/prettier
  397:1   warning  Delete `··`                                                                                                                                                                                                                           prettier/prettier
  398:1   warning  Replace `················` with `··············`                                                                                                                                                                                      prettier/prettier
  399:1   warning  Delete `··`                                                                                                                                                                                                                           prettier/prettier
  400:1   warning  Delete `··`                                                                                                                                                                                                                           prettier/prettier
  401:15  warning  Delete `··`                                                                                                                                                                                                                           prettier/prettier
  402:13  warning  Delete `··`                                                                                                                                                                                                                           prettier/prettier
  403:1   warning  Replace `············` with `··········`                                                                                                                                                                                              prettier/prettier
  404:1   warning  Delete `··`                                                                                                                                                                                                                           prettier/prettier
  405:11  warning  Delete `··`                                                                                                                                                                                                                           prettier/prettier
  406:11  warning  Delete `··`                                                                                                                                                                                                                           prettier/prettier
  407:1   warning  Delete `··`                                                                                                                                                                                                                           prettier/prettier
  408:11  warning  Delete `··`                                                                                                                                                                                                                           prettier/prettier
  409:1   warning  Delete `··`                                                                                                                                                                                                                           prettier/prettier
  410:1   warning  Replace `············` with `··········`                                                                                                                                                                                              prettier/prettier
  411:1   warning  Delete `··`                                                                                                                                                                                                                           prettier/prettier
  412:1   warning  Replace `················` with `··············`                                                                                                                                                                                      prettier/prettier
  413:1   warning  Replace `····················[packages.findIndex(⏎······················(p)·=>·p.importId·===·selectedImportId` with `··················[packages.findIndex((p)·=>·p.importId·===·selectedImportId)]:`                                prettier/prettier
  415:20  warning  Delete `·)]:`                                                                                                                                                                                                                         prettier/prettier
  416:17  warning  Delete `··`                                                                                                                                                                                                                           prettier/prettier
  417:1   warning  Delete `··`                                                                                                                                                                                                                           prettier/prettier
  418:11  warning  Delete `··`                                                                                                                                                                                                                           prettier/prettier
  419:1   warning  Delete `··`                                                                                                                                                                                                                           prettier/prettier
  420:1   warning  Replace `············` with `··········`                                                                                                                                                                                              prettier/prettier
  421:13  warning  Delete `··`                                                                                                                                                                                                                           prettier/prettier
  422:1   warning  Replace `············` with `··········`                                                                                                                                                                                              prettier/prettier
  423:1   warning  Delete `··`                                                                                                                                                                                                                           prettier/prettier
  424:1   warning  Delete `··`                                                                                                                                                                                                                           prettier/prettier
  425:11  warning  Delete `··`                                                                                                                                                                                                                           prettier/prettier
  426:1   warning  Delete `··`                                                                                                                                                                                                                           prettier/prettier
  427:1   warning  Replace `··············` with `············`                                                                                                                                                                                          prettier/prettier
  428:15  warning  Delete `··`                                                                                                                                                                                                                           prettier/prettier
  429:1   warning  Delete `··`                                                                                                                                                                                                                           prettier/prettier
  430:13  warning  Delete `··`                                                                                                                                                                                                                           prettier/prettier
  431:1   warning  Delete `··`                                                                                                                                                                                                                           prettier/prettier
  432:11  warning  Delete `··`                                                                                                                                                                                                                           prettier/prettier
  433:1   warning  Delete `··`                                                                                                                                                                                                                           prettier/prettier
  434:1   warning  Replace `··············` with `············`                                                                                                                                                                                          prettier/prettier
  435:1   warning  Delete `··`                                                                                                                                                                                                                           prettier/prettier
  436:1   warning  Replace `··············` with `············`                                                                                                                                                                                          prettier/prettier
  437:11  warning  Delete `··`                                                                                                                                                                                                                           prettier/prettier
  438:1   warning  Delete `··`                                                                                                                                                                                                                           prettier/prettier
  439:11  warning  Delete `··`                                                                                                                                                                                                                           prettier/prettier
  440:1   warning  Delete `··`                                                                                                                                                                                                                           prettier/prettier

/Users/I584745/CODE/tools.sap.com/value-accelerator-client/client/src/valueAccelerator/Components/PublishDialog/usePublishDialogHelpers.tsx
  172:6  warning  React Hook useMemo has a missing dependency: 'publishedPackage?.id'. Either include it or remove the dependency array  react-hooks/exhaustive-deps

/Users/I584745/CODE/tools.sap.com/value-accelerator-client/client/src/valueAccelerator/Components/PublishDialog/usePublishDialogInit.tsx
  76:6  warning  React Hook useMemo has an unnecessary dependency: 'publishedPackage.imageUrl'. Either exclude it or remove the dependency array  react-hooks/exhaustive-deps

/Users/I584745/CODE/tools.sap.com/value-accelerator-client/client/src/valueAccelerator/Components/Shared/ContentAnalyticalTable.tsx
   66:9   warning  Delete `··`                                   prettier/prettier
   67:9   warning  Delete `··`                                   prettier/prettier
   68:1   warning  Replace `··········` with `········`          prettier/prettier
   69:1   warning  Delete `··`                                   prettier/prettier
   70:1   warning  Replace `··········` with `········`          prettier/prettier
   71:11  warning  Delete `··`                                   prettier/prettier
   72:1   warning  Delete `··`                                   prettier/prettier
   73:13  warning  Delete `··`                                   prettier/prettier
   74:1   warning  Delete `··`                                   prettier/prettier
   75:15  warning  Delete `··`                                   prettier/prettier
   76:13  warning  Delete `··`                                   prettier/prettier
   77:1   warning  Delete `··`                                   prettier/prettier
   78:11  warning  Delete `··`                                   prettier/prettier
   79:1   warning  Replace `··············` with `············`  prettier/prettier
   80:1   warning  Delete `··`                                   prettier/prettier
   81:11  warning  Delete `··`                                   prettier/prettier
   82:9   warning  Delete `··`                                   prettier/prettier
   83:1   warning  Delete `··`                                   prettier/prettier
   84:9   warning  Delete `··`                                   prettier/prettier
   85:1   warning  Delete `··`                                   prettier/prettier
   86:1   warning  Replace `··········` with `········`          prettier/prettier
   87:9   warning  Delete `··`                                   prettier/prettier
   88:1   warning  Replace `··········` with `········`          prettier/prettier
   89:1   warning  Delete `··`                                   prettier/prettier
   90:1   warning  Delete `··`                                   prettier/prettier
   91:9   warning  Delete `··`                                   prettier/prettier
   92:1   warning  Delete `··`                                   prettier/prettier
   93:9   warning  Delete `··`                                   prettier/prettier
   94:1   warning  Delete `··`                                   prettier/prettier
   95:1   warning  Replace `············` with `··········`      prettier/prettier
   96:1   warning  Delete `··`                                   prettier/prettier
   97:1   warning  Replace `············` with `··········`      prettier/prettier
   98:1   warning  Delete `··`                                   prettier/prettier
   99:9   warning  Delete `··`                                   prettier/prettier
  100:1   warning  Delete `··`                                   prettier/prettier
  101:1   warning  Delete `··`                                   prettier/prettier

/Users/I584745/CODE/tools.sap.com/value-accelerator-client/client/src/valueAccelerator/Components/WizardContents/ExportSteps/AcceleratorDetailsForm/helpers/useDetailsStepHandler.ts
  4:3  warning  'ExportPackageSchema' is defined but never used  @typescript-eslint/no-unused-vars

/Users/I584745/CODE/tools.sap.com/value-accelerator-client/client/src/valueAccelerator/Components/WizardContents/ExportSteps/AcceleratorDetailsForm/index.tsx
  14:3  warning  'FioriInput' is defined but never used  @typescript-eslint/no-unused-vars

✖ 165 problems (0 errors, 165 warnings)
  0 errors and 143 warnings potentially fixable with the `--fix` option.
 @ http://localhost:3006/g/statics/suite-shell/static/js/7778.10f94e2f.js:478
[  549939ms] [WARNING] Lit is in dev mode. Not recommended for production! See https://lit.dev/msg/dev-mode for more information. @ http://localhost:3006/g/statics/suite-shell/static/js/7778.10f94e2f.js:478
[  549939ms] [WARNING] Multiple versions of Lit loaded. Loading multiple versions is not recommended. See https://lit.dev/msg/multiple-versions for more information. @ http://localhost:3006/g/statics/suite-shell/static/js/7778.10f94e2f.js:478
[  556930ms] [ERROR] Failed to load resource: the server responded with a status of 401 (Unauthorized) @ http://localhost:3006/g/api/tenant-service/v1/tenants//configurations?type=walkme_settings:0
